vendor,vendor_display,vendor_region,chip_series,chip_model,chip_type,usage,tier,architecture,arch_codename,generation,process_node_nm,foundry,die_size_mm2,transistors_b,package_type,vram_gb,vram_type,vram_bus_bit,vram_bw_gb_s,vram_clock_mhz,compute_units,tensor_cores,rt_cores,sm_count,shading_units,l1_cache_kb,l2_cache_mb,precision_support,precision_perf,base_clock_mhz,boost_clock_mhz,tdp_w,psu_w,power_connector,board_length_mm,board_width_mm,slot_width,bus_interface,release_date,production_status,is_released,target_market,description,_source_urls,_source_type,_source_confidence,_db_id,_is_new
NVIDIA,NVIDIA,foreign,GV10B,Jetson AGX Xavier 16 GB,GPU,both,datacenter,Volta,GV10B,Tegra(Volta),12,TSMC,350,9,,16,LPDDR4X,256,136.5,2133,512,64,0,8,512,128,0.5,FP64/FP32/FP16/BF16/INT8,FP64:0.7TFLOPS;FP32:1.4TFLOPS;FP16/BF16:2.8TFLOPS,854,1377,30,,,100,,IGP,PCIe 4.0 x4,2018-10-01,已量产,1,AI训练/推理 / HPC,"NVIDIA Jetson AGX Xavier 16 GB — Volta architecture, Tegra(Volta) generation, 16.0GB LPDDR4X",https://www.techpowerup.com/gpu-specs/jetson-agx-xavier-16-gb.c3232,community,high,,1
NVIDIA,NVIDIA,foreign,GV10B,Jetson AGX Xavier 32 GB,GPU,both,datacenter,Volta,GV10B,Tegra(Volta),12,TSMC,350,9,,32,LPDDR4X,256,136.5,2133,512,64,0,8,512,128,0.5,FP64/FP32/FP16/BF16/INT8,FP64:0.7TFLOPS;FP32:1.4TFLOPS;FP16/BF16:2.8TFLOPS,854,1377,30,,,100,,IGP,PCIe 4.0 x4,2018-10-01,已量产,1,AI训练/推理 / HPC,"NVIDIA Jetson AGX Xavier 32 GB — Volta architecture, Tegra(Volta) generation, 32.0GB LPDDR4X",https://www.techpowerup.com/gpu-specs/jetson-agx-xavier-32-gb.c4088,community,high,,1
NVIDIA,NVIDIA,foreign,GP102,P102-100,GPU,both,workstation,Pascal,GP102,Mining GPUs,16,TSMC,471,11.8,BGA-2397,5,GDDR5X,320,440.3,1376,3200,0,0,25,3200,48,2.5,FP64/FP32/FP16/BF16/INT8,FP64:0.3TFLOPS;FP32:10.8TFLOPS;FP16/BF16:0.2TFLOPS,1582,1683,250,600,2x 8-pin,267,,Dual-slot,PCIe 1.0 x4,2018-02-12,已量产,1,AI训练/推理 / HPC,"NVIDIA P102-100 — Pascal architecture, Mining GPUs generation, 5.0GB GDDR5X",https://www.techpowerup.com/gpu-specs/p102-100.c3100,community,high,,1
NVIDIA,NVIDIA,foreign,GP102,P102-101,GPU,both,workstation,Pascal,GP102,Mining GPUs,16,TSMC,471,11.8,BGA-2397,10,GDDR5,320,320.3,2002,3200,0,0,25,3200,48,2.5,FP64/FP32/FP16/BF16/INT8,FP64:0.3TFLOPS;FP32:10.7TFLOPS;FP16/BF16:0.2TFLOPS,1557,1670,250,600,2x 8-pin,267,,Dual-slot,PCIe 3.0 x4,2018-01-01,已量产,1,AI训练/推理 / HPC,"NVIDIA P102-101 — Pascal architecture, Mining GPUs generation, 10.0GB GDDR5",https://www.techpowerup.com/gpu-specs/p102-101.c3284,community,high,,1
NVIDIA,NVIDIA,foreign,GP104,P104-101,GPU,both,workstation,Pascal,GP104,Mining GPUs,16,TSMC,314,7.2,BGA-2150,4,GDDR5,256,256.3,2002,2560,0,0,20,2560,48,2,FP64/FP32/FP16/BF16/INT8,FP64:0.3TFLOPS;FP32:8.6TFLOPS;FP16/BF16:0.1TFLOPS,1506,1683,,200,1x 8-pin,267,,Dual-slot,PCIe 1.0 x4,2018-01-05,已量产,1,AI训练/推理 / HPC,"NVIDIA P104-101 — Pascal architecture, Mining GPUs generation, 4.0GB GDDR5",https://www.techpowerup.com/gpu-specs/p104-101.c3064,community,high,,1
NVIDIA,NVIDIA,foreign,GV100,Quadro GV100,GPU,both,datacenter,Volta,GV100,Quadro Volta(Vx000),12,TSMC,815,21.1,,32,HBM2,4096,868.4,848,5120,640,0,80,5120,128,6,FP64/FP32/FP16/BF16/INT8,FP64:8.3TFLOPS;FP32:16.7TFLOPS;FP16/BF16:33.3TFLOPS,1132,1627,250,600,1x 8-pin,267,,Dual-slot,PCIe 3.0 x16,2018-03-27,已量产,1,AI训练/推理 / HPC,"NVIDIA Quadro GV100 — Volta architecture, Quadro Volta(Vx000) generation, 32.0GB HBM2",https://www.techpowerup.com/gpu-specs/quadro-gv100.c3066,community,high,,1
NVIDIA,NVIDIA,foreign,GP104,Quadro P3200 Max-Q,GPU,both,workstation,Pascal,GP104,Quadro Pascal-M(Px200),16,TSMC,314,7.2,BGA-2150,6,GDDR5,192,168.3,1753,1792,0,0,14,1792,48,1.5,FP64/FP32/FP16/BF16/INT8,FP64:0.2TFLOPS;FP32:5.0TFLOPS;FP16/BF16:0.1TFLOPS,1139,1404,75,,None,,,MXM Module,MXM-B (3.0),2018-02-21,已量产,1,AI训练/推理 / HPC,"NVIDIA Quadro P3200 Max-Q — Pascal architecture, Quadro Pascal-M(Px200) generation, 6.0GB GDDR5",https://www.techpowerup.com/gpu-specs/quadro-p3200-max-q.c3315,community,high,,1
NVIDIA,NVIDIA,foreign,GP104,Quadro P3200 Mobile,GPU,both,workstation,Pascal,GP104,Quadro Pascal-M(Px200),16,TSMC,314,7.2,BGA-2150,6,GDDR5,192,168.2,1752,1792,0,0,14,1792,48,1.5,FP64/FP32/FP16/BF16/INT8,FP64:0.2TFLOPS;FP32:5.5TFLOPS;FP16/BF16:0.1TFLOPS,1328,1543,75,,None,,,MXM Module,MXM-B (3.0),2018-02-21,已量产,1,AI训练/推理 / HPC,"NVIDIA Quadro P3200 Mobile — Pascal architecture, Quadro Pascal-M(Px200) generation, 6.0GB GDDR5",https://www.techpowerup.com/gpu-specs/quadro-p3200-mobile.c3147,community,high,,1
NVIDIA,NVIDIA,foreign,GP104,Quadro P4200 Max-Q,GPU,both,workstation,Pascal,GP104,Quadro Pascal-M(Px200),16,TSMC,314,7.2,BGA-2150,8,GDDR5,256,224.4,1753,2304,0,0,18,2304,48,2,FP64/FP32/FP16/BF16/INT8,FP64:0.2TFLOPS;FP32:6.8TFLOPS;FP16/BF16:0.1TFLOPS,1215,1480,100,,None,,,MXM Module,MXM-B (3.0),2018-02-21,已量产,1,AI训练/推理 / HPC,"NVIDIA Quadro P4200 Max-Q — Pascal architecture, Quadro Pascal-M(Px200) generation, 8.0GB GDDR5",https://www.techpowerup.com/gpu-specs/quadro-p4200-max-q.c4004,community,high,,1
NVIDIA,NVIDIA,foreign,GP104,Quadro P4200 Mobile,GPU,both,workstation,Pascal,GP104,Quadro Pascal-M(Px200),16,TSMC,314,7.2,BGA-2150,8,GDDR5,256,224.4,1753,2304,0,0,18,2304,48,2,FP64/FP32/FP16/BF16/INT8,FP64:0.2TFLOPS;FP32:7.3TFLOPS;FP16/BF16:0.1TFLOPS,1418,1594,100,,None,,,MXM Module,MXM-B (3.0),2018-02-21,已量产,1,AI训练/推理 / HPC,"NVIDIA Quadro P4200 Mobile — Pascal architecture, Quadro Pascal-M(Px200) generation, 8.0GB GDDR5",https://www.techpowerup.com/gpu-specs/quadro-p4200-mobile.c3199,community,high,,1
NVIDIA,NVIDIA,foreign,GP104,Quadro P5200 Max-Q,GPU,both,datacenter,Pascal,GP104,Quadro Pascal-M(Px200),16,TSMC,314,7.2,BGA-2150,16,GDDR5,256,230.9,1804,2560,0,0,20,2560,48,2,FP64/FP32/FP16/BF16/INT8,FP64:0.3TFLOPS;FP32:8.0TFLOPS;FP16/BF16:0.1TFLOPS,1316,1569,100,,None,,,MXM Module,MXM-B (3.0),2018-02-21,已量产,1,AI训练/推理 / HPC,"NVIDIA Quadro P5200 Max-Q — Pascal architecture, Quadro Pascal-M(Px200) generation, 16.0GB GDDR5",https://www.techpowerup.com/gpu-specs/quadro-p5200-max-q.c3347,community,high,,1
NVIDIA,NVIDIA,foreign,GP104,Quadro P5200 Mobile,GPU,both,datacenter,Pascal,GP104,Quadro Pascal-M(Px200),16,TSMC,314,7.2,BGA-2150,16,GDDR5,256,230.9,1804,2560,0,0,20,2560,48,2,FP64/FP32/FP16/BF16/INT8,FP64:0.3TFLOPS;FP32:9.0TFLOPS;FP16/BF16:0.1TFLOPS,1582,1759,100,,None,,,MXM Module,MXM-B (3.0),2018-02-21,已量产,1,AI训练/推理 / HPC,"NVIDIA Quadro P5200 Mobile — Pascal architecture, Quadro Pascal-M(Px200) generation, 16.0GB GDDR5",https://www.techpowerup.com/gpu-specs/quadro-p5200-mobile.c3020,community,high,,1
NVIDIA,NVIDIA,foreign,GP107,Quadro P620 Mobile,GPU,both,workstation,Pascal,GP107,Quadro Pascal-M(Px200),14,Samsung,132,3.3,FCBGA-908,4,GDDR5,128,96.13,1502,512,0,0,4,512,48,1,FP64/FP32/FP16/BF16/INT8,FP64:0.0TFLOPS;FP32:1.5TFLOPS;FP16/BF16:0.0TFLOPS,1177,1443,40,,None,,,IGP,PCIe 3.0 x16,2018-02-01,已量产,1,AI训练/推理 / HPC,"NVIDIA Quadro P620 Mobile — Pascal architecture, Quadro Pascal-M(Px200) generation, 4.0GB GDDR5",https://www.techpowerup.com/gpu-specs/quadro-p620-mobile.c3456,community,high,,1
NVIDIA,NVIDIA,foreign,TU104,Quadro RTX 4000,GPU,both,workstation,Turing,TU104,Quadro Turing(Tx000),12,TSMC,545,13.6,BGA-2228,8,GDDR6,256,416,1625,2304,288,36,36,2304,64,4,FP64/FP32/FP16/BF16/INT8,FP64:0.2TFLOPS;FP32:7.1TFLOPS;FP16/BF16:14.2TFLOPS,1005,1545,160,450,1x 8-pin,241,,Single-slot,PCIe 3.0 x16,2018-11-13,已量产,1,AI训练/推理 / HPC,"NVIDIA Quadro RTX 4000 — Turing architecture, Quadro Turing(Tx000) generation, 8.0GB GDDR6",https://www.techpowerup.com/gpu-specs/quadro-rtx-4000.c3336,community,high,,1
NVIDIA,NVIDIA,foreign,TU104,Quadro RTX 5000,GPU,both,datacenter,Turing,TU104,Quadro Turing(Tx000),12,TSMC,545,13.6,BGA-2228,16,GDDR6,256,448,1750,3072,384,48,48,3072,64,4,FP64/FP32/FP16/BF16/INT8,FP64:0.3TFLOPS;FP32:11.2TFLOPS;FP16/BF16:22.3TFLOPS,1620,1815,230,550,1x 6-pin + 1x 8-pin,267,,Dual-slot,PCIe 3.0 x16,2018-08-13,已量产,1,AI训练/推理 / HPC,"NVIDIA Quadro RTX 5000 — Turing architecture, Quadro Turing(Tx000) generation, 16.0GB GDDR6",https://www.techpowerup.com/gpu-specs/quadro-rtx-5000.c3308,community,high,,1
NVIDIA,NVIDIA,foreign,TU102,Quadro RTX 6000,GPU,both,datacenter,Turing,TU102,Quadro Turing(Tx000),12,TSMC,754,18.6,,24,GDDR6,384,672,1750,4608,576,72,72,4608,64,6,FP64/FP32/FP16/BF16/INT8,FP64:0.5TFLOPS;FP32:16.3TFLOPS;FP16/BF16:32.6TFLOPS,1440,1770,260,600,1x 6-pin + 1x 8-pin,267,,Dual-slot,PCIe 3.0 x16,2018-08-13,已量产,1,AI训练/推理 / HPC,"NVIDIA Quadro RTX 6000 — Turing architecture, Quadro Turing(Tx000) generation, 24.0GB GDDR6",https://www.techpowerup.com/gpu-specs/quadro-rtx-6000.c3307,community,high,,1
NVIDIA,NVIDIA,foreign,TU102,Quadro RTX 6000 Passive,GPU,both,datacenter,Turing,TU102,Quadro Turing(Tx000),12,TSMC,754,18.6,,24,GDDR6,384,624,1625,4608,576,72,72,4608,64,6,FP64/FP32/FP16/BF16/INT8,FP64:0.5TFLOPS;FP32:14.9TFLOPS;FP16/BF16:29.9TFLOPS,1275,1620,260,600,1x 6-pin + 1x 8-pin,267,,Dual-slot,PCIe 3.0 x16,2018-08-13,已量产,1,AI训练/推理 / HPC,"NVIDIA Quadro RTX 6000 Passive — Turing architecture, Quadro Turing(Tx000) generation, 24.0GB GDDR6",https://www.techpowerup.com/gpu-specs/quadro-rtx-6000-passive.c3469,community,high,,1
NVIDIA,NVIDIA,foreign,TU102,Quadro RTX 8000,GPU,both,datacenter,Turing,TU102,Quadro Turing(Tx000),12,TSMC,754,18.6,,48,GDDR6,384,672,1750,4608,576,72,72,4608,64,6,FP64/FP32/FP16/BF16/INT8,FP64:0.5TFLOPS;FP32:16.3TFLOPS;FP16/BF16:32.6TFLOPS,1395,1770,260,600,1x 6-pin + 1x 8-pin,267,,Dual-slot,PCIe 3.0 x16,2018-08-13,已量产,1,AI训练/推理 / HPC,"NVIDIA Quadro RTX 8000 — Turing architecture, Quadro Turing(Tx000) generation, 48.0GB GDDR6",https://www.techpowerup.com/gpu-specs/quadro-rtx-8000.c3306,community,high,,1
NVIDIA,NVIDIA,foreign,TU102,Quadro RTX 8000 Passive,GPU,both,datacenter,Turing,TU102,Quadro Turing(Tx000),12,TSMC,754,18.6,,48,GDDR6,384,624,1625,4608,576,72,72,4608,64,6,FP64/FP32/FP16/BF16/INT8,FP64:0.5TFLOPS;FP32:14.9TFLOPS;FP16/BF16:29.9TFLOPS,1230,1620,260,600,1x 6-pin + 1x 8-pin,267,,Dual-slot,PCIe 3.0 x16,2018-08-13,已量产,1,AI训练/推理 / HPC,"NVIDIA Quadro RTX 8000 Passive — Turing architecture, Quadro Turing(Tx000) generation, 48.0GB GDDR6",https://www.techpowerup.com/gpu-specs/quadro-rtx-8000-passive.c3470,community,high,,1
NVIDIA,NVIDIA,foreign,TU104,Tesla T4,GPU,both,datacenter,Turing,TU104,Tesla Turing(Txx),12,TSMC,545,13.6,BGA-2228,16,GDDR6,256,320,1250,2560,320,40,40,2560,64,4,FP64/FP32/FP16/BF16/INT8,FP64:0.3TFLOPS;FP32:8.1TFLOPS;FP16/BF16:65.1TFLOPS,585,1590,70,250,None,168,,Single-slot,PCIe 3.0 x16,2018-09-13,已量产,1,AI训练/推理 / HPC,"NVIDIA Tesla T4 — Turing architecture, Tesla Turing(Txx) generation, 16.0GB GDDR6",https://www.techpowerup.com/gpu-specs/tesla-t4.c3316,community,high,,1
NVIDIA,NVIDIA,foreign,TU104,Tesla T4G,GPU,both,datacenter,Turing,TU104,Tesla Turing(Txx),12,TSMC,545,13.6,BGA-2228,16,GDDR6,256,320,1250,2560,320,40,40,2560,64,4,FP64/FP32/FP16/BF16/INT8,FP64:0.3TFLOPS;FP32:8.1TFLOPS;FP16/BF16:65.1TFLOPS,585,1590,70,250,None,168,,Single-slot,PCIe 3.0 x16,2018-09-13,已量产,1,AI训练/推理 / HPC,"NVIDIA Tesla T4G — Turing architecture, Tesla Turing(Txx) generation, 16.0GB GDDR6",https://www.techpowerup.com/gpu-specs/tesla-t4g.c4134,community,high,,1
NVIDIA,NVIDIA,foreign,GV100,Tesla V100 DGXS 16 GB,GPU,both,datacenter,Volta,GV100,Tesla Volta(Vxx),12,TSMC,815,21.1,,16,HBM2,4096,897,876,5120,640,0,80,5120,128,6,FP64/FP32/FP16/BF16/INT8,FP64:8.1TFLOPS;FP32:16.2TFLOPS;FP16/BF16:32.4TFLOPS,1354,1582,250,600,None,,,Dual-slot,PCIe 3.0 x16,2018-03-27,已量产,1,AI训练/推理 / HPC,"NVIDIA Tesla V100 DGXS 16 GB — Volta architecture, Tesla Volta(Vxx) generation, 16.0GB HBM2",https://www.techpowerup.com/gpu-specs/tesla-v100-dgxs-16-gb.c3763,community,high,,1
NVIDIA,NVIDIA,foreign,GV100,Tesla V100 DGXS 32 GB,GPU,both,datacenter,Volta,GV100,Tesla Volta(Vxx),12,TSMC,815,21.1,,32,HBM2,4096,897,876,5120,640,0,80,5120,128,6,FP64/FP32/FP16/BF16/INT8,FP64:7.8TFLOPS;FP32:15.7TFLOPS;FP16/BF16:31.3TFLOPS,1297,1530,250,600,None,,,Dual-slot,PCIe 3.0 x16,2018-03-27,已量产,1,AI训练/推理 / HPC,"NVIDIA Tesla V100 DGXS 32 GB — Volta architecture, Tesla Volta(Vxx) generation, 32.0GB HBM2",https://www.techpowerup.com/gpu-specs/tesla-v100-dgxs-32-gb.c3186,community,high,,1
NVIDIA,NVIDIA,foreign,GV100,Tesla V100 FHHL,GPU,both,datacenter,Volta,GV100,Tesla Volta(Vxx),12,TSMC,815,21.1,,16,HBM2,4096,827.4,808,5120,640,0,80,5120,128,6,FP64/FP32/FP16/BF16/INT8,FP64:6.6TFLOPS;FP32:13.2TFLOPS;FP16/BF16:26.4TFLOPS,937,1290,250,600,1x 8-pin,,,Single-slot,PCIe 3.0 x16,2018-03-27,已量产,1,AI训练/推理 / HPC,"NVIDIA Tesla V100 FHHL — Volta architecture, Tesla Volta(Vxx) generation, 16.0GB HBM2",https://www.techpowerup.com/gpu-specs/tesla-v100-fhhl.c3248,community,high,,1
NVIDIA,NVIDIA,foreign,GV100,Tesla V100 PCIe 32 GB,GPU,both,datacenter,Volta,GV100,Tesla Volta(Vxx),12,TSMC,815,21.1,,32,HBM2,4096,897,876,5120,640,0,80,5120,128,6,FP64/FP32/FP16/BF16/INT8,FP64:7.1TFLOPS;FP32:14.1TFLOPS;FP16/BF16:28.3TFLOPS,1230,1380,250,600,2x 8-pin,,,Dual-slot,PCIe 3.0 x16,2018-03-27,已量产,1,AI训练/推理 / HPC,"NVIDIA Tesla V100 PCIe 32 GB — Volta architecture, Tesla Volta(Vxx) generation, 32.0GB HBM2",https://www.techpowerup.com/gpu-specs/tesla-v100-pcie-32-gb.c3184,community,high,,1
NVIDIA,NVIDIA,foreign,GV100,Tesla V100 SXM2 32 GB,GPU,both,datacenter,Volta,GV100,Tesla Volta(Vxx),12,TSMC,815,21.1,,32,HBM2,4096,898,877,5120,640,0,80,5120,128,6,FP64/FP32/FP16/BF16/INT8,FP64:7.8TFLOPS;FP32:15.7TFLOPS;FP16/BF16:31.3TFLOPS,1290,1530,250,600,None,,,SXM Module,PCIe 3.0 x16,2018-03-27,已量产,1,AI训练/推理 / HPC,"NVIDIA Tesla V100 SXM2 32 GB — Volta architecture, Tesla Volta(Vxx) generation, 32.0GB HBM2",https://www.techpowerup.com/gpu-specs/tesla-v100-sxm2-32-gb.c3185,community,high,,1
NVIDIA,NVIDIA,foreign,GV100,Tesla V100 SXM3 32 GB,GPU,both,datacenter,Volta,GV100,Tesla Volta(Vxx),12,TSMC,815,21.1,,32,HBM2,4096,981,958,5120,640,0,80,5120,128,6,FP64/FP32/FP16/BF16/INT8,FP64:8.2TFLOPS;FP32:16.4TFLOPS;FP16/BF16:32.7TFLOPS,1380,1597,250,600,None,,,SXM Module,PCIe 3.0 x16,2018-03-27,已量产,1,AI训练/推理 / HPC,"NVIDIA Tesla V100 SXM3 32 GB — Volta architecture, Tesla Volta(Vxx) generation, 32.0GB HBM2",https://www.techpowerup.com/gpu-specs/tesla-v100-sxm3-32-gb.c3472,community,high,,1
NVIDIA,NVIDIA,foreign,TU102,TITAN RTX,GPU,both,datacenter,Turing,TU102,GeForce 20,12,TSMC,754,18.6,,24,GDDR6,384,672,1750,4608,576,72,72,4608,64,6,FP64/FP32/FP16/BF16/INT8,FP64:0.5TFLOPS;FP32:16.3TFLOPS;FP16/BF16:32.6TFLOPS,1350,1770,280,600,2x 8-pin,267,35,Dual-slot,PCIe 3.0 x16,2018-12-18,已量产,1,AI训练/推理 / HPC,"NVIDIA TITAN RTX — Turing architecture, GeForce 20 generation, 24.0GB GDDR6",https://www.techpowerup.com/gpu-specs/titan-rtx.c3311,community,high,,1
NVIDIA,NVIDIA,foreign,GV100,TITAN V CEO Edition,GPU,both,datacenter,Volta,GV100,GeForce 10,12,TSMC,815,21.1,,32,HBM2,4096,868.4,848,5120,640,0,80,5120,128,6,FP64/FP32/FP16/BF16/INT8,FP64:7.5TFLOPS;FP32:14.9TFLOPS;FP16/BF16:29.8TFLOPS,1200,1455,250,600,1x 6-pin + 1x 8-pin,267,40,Dual-slot,PCIe 3.0 x16,2018-06-21,已量产,1,AI训练/推理 / HPC,"NVIDIA TITAN V CEO Edition — Volta architecture, GeForce 10 generation, 32.0GB HBM2",https://www.techpowerup.com/gpu-specs/titan-v-ceo-edition.c3277,community,high,,1
AMD,AMD,foreign,Lexa,Radeon 550X 640SP,GPU,both,workstation,GCN 4.0,Lexa,Polaris(RX 500X),14,GlobalFoundries,103,2.2,FCBGA-769,4,GDDR5,64,48,1500,640,0,0,0,640,16,0.25,FP64/FP32/FP16/BF16/INT8,FP64:0.1TFLOPS;FP32:1.4TFLOPS;FP16/BF16:1.4TFLOPS,1019,1071,50,250,None,,,IGP,PCIe 3.0 x8,2018-04-11,已量产,1,AI训练/推理 / HPC,"AMD Radeon 550X 640SP — GCN 4.0 architecture, Polaris(RX 500X) generation, 4.0GB GDDR5",https://www.techpowerup.com/gpu-specs/radeon-550x-640sp.c3206,community,high,,1
AMD,AMD,foreign,Vega 20,Radeon Instinct MI50,GPU,both,datacenter,GCN 5.1,Vega 20,Radeon Instinct(MIx),7,TSMC,331,13.23,BGA-1933,16,HBM2,4096,1020,1000,3840,0,0,0,3840,16,4,FP64/FP32/FP16/BF16/INT8,FP64:6.7TFLOPS;FP32:13.4TFLOPS;FP16/BF16:26.8TFLOPS,1200,1746,300,700,2x 8-pin,267,,Dual-slot,PCIe 4.0 x16,2018-11-18,已量产,1,AI训练/推理 / HPC,"AMD Radeon Instinct MI50 — GCN 5.1 architecture, Radeon Instinct(MIx) generation, 16.0GB HBM2",https://www.techpowerup.com/gpu-specs/radeon-instinct-mi50.c3335,community,high,,1
AMD,AMD,foreign,Vega 20,Radeon Instinct MI60,GPU,both,datacenter,GCN 5.1,Vega 20,Radeon Instinct(MIx),7,TSMC,331,13.23,BGA-1933,32,HBM2,4096,1020,1000,4096,0,0,0,4096,16,4,FP64/FP32/FP16/BF16/INT8,FP64:7.4TFLOPS;FP32:14.8TFLOPS;FP16/BF16:29.5TFLOPS,1200,1800,300,700,1x 6-pin + 1x 8-pin,267,,Dual-slot,PCIe 4.0 x16,2018-11-18,已量产,1,AI训练/推理 / HPC,"AMD Radeon Instinct MI60 — GCN 5.1 architecture, Radeon Instinct(MIx) generation, 32.0GB HBM2",https://www.techpowerup.com/gpu-specs/radeon-instinct-mi60.c3233,community,high,,1
AMD,AMD,foreign,Polaris 21,Radeon Pro 555X,GPU,both,workstation,GCN 4.0,Polaris 21,Radeon Pro Mac(500X Series),14,GlobalFoundries,123,3,BGA-769,4,GDDR5,128,94.08,1470,768,0,0,0,768,16,1,FP64/FP32/FP16/BF16/INT8,FP64:0.1TFLOPS;FP32:1.4TFLOPS;FP16/BF16:1.4TFLOPS,907,907,75,,None,,,IGP,PCIe 3.0 x8,2018-07-16,已量产,1,AI训练/推理 / HPC,"AMD Radeon Pro 555X — GCN 4.0 architecture, Radeon Pro Mac(500X Series) generation, 4.0GB GDDR5",https://www.techpowerup.com/gpu-specs/radeon-pro-555x.c3283,community,high,,1
AMD,AMD,foreign,Polaris 21,Radeon Pro 560X,GPU,both,workstation,GCN 4.0,Polaris 21,Radeon Pro Mac(500X Series),14,GlobalFoundries,123,3,BGA-769,4,GDDR5,128,94.08,1470,1024,0,0,0,1024,16,1,FP64/FP32/FP16/BF16/INT8,FP64:0.1TFLOPS;FP32:2.1TFLOPS;FP16/BF16:2.1TFLOPS,1004,1004,75,,None,,,IGP,PCIe 3.0 x8,2018-07-16,已量产,1,AI训练/推理 / HPC,"AMD Radeon Pro 560X — GCN 4.0 architecture, Radeon Pro Mac(500X Series) generation, 4.0GB GDDR5",https://www.techpowerup.com/gpu-specs/radeon-pro-560x.c3282,community,high,,1
AMD,AMD,foreign,Vega 10,Radeon Pro V340 16 GB,GPU,both,workstation,GCN 5.0,Vega 10,Radeon Pro Vega(Vega Series),14,GlobalFoundries,495,12.5,BGA-2013,16,HBM2,2048,483.8,945,3584,0,0,0,3584,16,4,FP64/FP32/FP16/BF16/INT8,FP64:0.7TFLOPS;FP32:10.8TFLOPS;FP16/BF16:21.5TFLOPS,852,1500,230,550,2x 8-pin,267,,Dual-slot,PCIe 3.0 x16,2018-08-26,已量产,1,AI训练/推理 / HPC,"AMD Radeon Pro V340 16 GB — GCN 5.0 architecture, Radeon Pro Vega(Vega Series) generation, 16.0GB HBM2",https://www.techpowerup.com/gpu-specs/radeon-pro-v340-16-gb.c3267,community,high,,1
AMD,AMD,foreign,Vega 10,Radeon Pro V340 8 GB,GPU,both,workstation,GCN 5.0,Vega 10,Radeon Pro Vega(Vega Series),14,GlobalFoundries,495,12.5,BGA-2013,8,HBM2,2048,483.8,945,3584,0,0,0,3584,16,4,FP64/FP32/FP16/BF16/INT8,FP64:0.7TFLOPS;FP32:10.8TFLOPS;FP16/BF16:21.5TFLOPS,852,1500,230,550,2x 8-pin,267,,Dual-slot,PCIe 3.0 x16,2018-08-26,已量产,1,AI训练/推理 / HPC,"AMD Radeon Pro V340 8 GB — GCN 5.0 architecture, Radeon Pro Vega(Vega Series) generation, 8.0GB HBM2",https://www.techpowerup.com/gpu-specs/radeon-pro-v340-8-gb.c3977,community,high,,1
AMD,AMD,foreign,Vega 12,Radeon Pro Vega 16,GPU,both,workstation,GCN 5.0,Vega 12,Radeon Pro Mac(Vega Series),14,GlobalFoundries,,,,4,HBM2,1024,307.2,1200,1024,0,0,0,1024,16,1,FP64/FP32/FP16/BF16/INT8,FP64:0.2TFLOPS;FP32:2.4TFLOPS;FP16/BF16:4.9TFLOPS,815,1190,75,,,,,IGP,PCIe 3.0 x16,2018-11-14,已量产,1,AI训练/推理 / HPC,"AMD Radeon Pro Vega 16 — GCN 5.0 architecture, Radeon Pro Mac(Vega Series) generation, 4.0GB HBM2",https://www.techpowerup.com/gpu-specs/radeon-pro-vega-16.c3331,community,high,,1
AMD,AMD,foreign,Vega 12,Radeon Pro Vega 20,GPU,both,workstation,GCN 5.0,Vega 12,Radeon Pro Mac(Vega Series),14,GlobalFoundries,,,,4,HBM2,1024,189.4,740,1280,0,0,0,1280,16,1,FP64/FP32/FP16/BF16/INT8,FP64:0.2TFLOPS;FP32:3.3TFLOPS;FP16/BF16:6.6TFLOPS,815,1283,100,,,,,IGP,PCIe 3.0 x16,2018-11-14,已量产,1,AI训练/推理 / HPC,"AMD Radeon Pro Vega 20 — GCN 5.0 architecture, Radeon Pro Mac(Vega Series) generation, 4.0GB HBM2",https://www.techpowerup.com/gpu-specs/radeon-pro-vega-20.c3263,community,high,,1
AMD,AMD,foreign,Vega 10,Radeon Pro WX 8200,GPU,both,workstation,GCN 5.0,Vega 10,Radeon Pro Polaris(WX x200),14,GlobalFoundries,495,12.5,BGA-2013,8,HBM2,2048,512,1000,3584,0,0,0,3584,16,4,FP64/FP32/FP16/BF16/INT8,FP64:0.7TFLOPS;FP32:10.8TFLOPS;FP16/BF16:21.5TFLOPS,1200,1500,230,550,1x 6-pin + 1x 8-pin,267,,Dual-slot,PCIe 3.0 x16,2018-08-13,已量产,1,AI训练/推理 / HPC,"AMD Radeon Pro WX 8200 — GCN 5.0 architecture, Radeon Pro Polaris(WX x200) generation, 8.0GB HBM2",https://www.techpowerup.com/gpu-specs/radeon-pro-wx-8200.c3303,community,high,,1
AMD,AMD,foreign,Polaris 22,Radeon Pro WX Vega M GL,GPU,both,workstation,GCN 4.0,Polaris 22,Vega(Vega M),14,GlobalFoundries,208,5,,4,HBM2,1024,179.2,700,1280,0,0,0,1280,16,1,FP64/FP32/FP16/BF16/INT8,FP64:0.2TFLOPS;FP32:2.6TFLOPS;FP16/BF16:2.6TFLOPS,931,1011,65,,,,,IGP,IGP,2018-04-24,已量产,1,AI训练/推理 / HPC,"AMD Radeon Pro WX Vega M GL — GCN 4.0 architecture, Vega(Vega M) generation, 4.0GB HBM2",https://www.techpowerup.com/gpu-specs/radeon-pro-wx-vega-m-gl.c3352,community,high,,1
AMD,AMD,foreign,Fenghuang,Zhongshan Subor Z+ GPU,GPU,both,workstation,GCN 5.0,Fenghuang,Console GPU(Zhongshan Subor),14,TSMC,397,,,8,GDDR5,256,153.6,1200,1536,0,0,0,1536,0,0,FP64/FP32/FP16/BF16/INT8,FP64:0.2TFLOPS;FP32:4.0TFLOPS;FP16/BF16:8.0TFLOPS,1300,1300,100,,,,,,,2018-08-03,已量产,1,AI训练/推理 / HPC,"AMD Zhongshan Subor Z+ GPU — GCN 5.0 architecture, Console GPU(Zhongshan Subor) generation, 8.0GB GDDR5",https://www.techpowerup.com/gpu-specs/zhongshan-subor-z-gpu.c3301,community,high,,1
NVIDIA,NVIDIA,foreign,GM20B,Jetson Nano,GPU,both,workstation,Maxwell 2.0,GM20B,Tegra(Maxwell),20,TSMC,118,2,,4,LPDDR4,64,25.6,1600,128,0,0,1,128,48,0.25,FP64/FP32/FP16/BF16/INT8,FP64:0.0TFLOPS;FP32:0.2TFLOPS;FP16/BF16:0.5TFLOPS,640,921,10,,,70,,IGP,PCIe 2.0 x4,2019-03-01,已量产,1,AI训练/推理 / HPC,"NVIDIA Jetson Nano — Maxwell 2.0 architecture, Tegra(Maxwell) generation, 4.0GB LPDDR4",https://www.techpowerup.com/gpu-specs/jetson-nano.c3643,community,high,,1
NVIDIA,NVIDIA,foreign,GP106,P106M,GPU,both,workstation,Pascal,GP106,Mining GPUs,16,TSMC,200,4.4,BGA-2173,4,GDDR5,128,96.13,1502,1152,0,0,9,1152,48,1.25,FP64/FP32/FP16/BF16/INT8,FP64:0.1TFLOPS;FP32:3.0TFLOPS;FP16/BF16:0.0TFLOPS,1291,1291,75,,None,,,MXM Module,PCIe 3.0 x16,2019-01-23,已量产,1,AI训练/推理 / HPC,"NVIDIA P106M — Pascal architecture, Mining GPUs generation, 4.0GB GDDR5",https://www.techpowerup.com/gpu-specs/p106m.c3773,community,high,,1
NVIDIA,NVIDIA,foreign,GP106,Quadro P2200,GPU,both,workstation,Pascal,GP106,Quadro Pascal(Px200),16,TSMC,200,4.4,BGA-2173,5,GDDR5X,160,200.2,1251,1280,0,0,10,1280,48,1.25,FP64/FP32/FP16/BF16/INT8,FP64:0.1TFLOPS;FP32:3.8TFLOPS;FP16/BF16:0.1TFLOPS,1000,1493,75,250,None,201,,Single-slot,PCIe 3.0 x16,2019-06-10,已量产,1,AI训练/推理 / HPC,"NVIDIA Quadro P2200 — Pascal architecture, Quadro Pascal(Px200) generation, 5.0GB GDDR5X",https://www.techpowerup.com/gpu-specs/quadro-p2200.c3442,community,high,,1
NVIDIA,NVIDIA,foreign,GP108,Quadro P520 Max-Q,GPU,both,workstation,Pascal,GP108,Quadro Pascal-M(Px200),14,Samsung,74,1.8,FCBGA-595,4,GDDR5,64,44,1375,384,0,0,3,384,48,0.5,FP64/FP32/FP16/BF16/INT8,FP64:0.0TFLOPS;FP32:1.1TFLOPS;FP16/BF16:0.0TFLOPS,1303,1493,18,,None,,,,PCIe 3.0 x16,2019-05-23,已量产,1,AI训练/推理 / HPC,"NVIDIA Quadro P520 Max-Q — Pascal architecture, Quadro Pascal-M(Px200) generation, 4.0GB GDDR5",https://www.techpowerup.com/gpu-specs/quadro-p520-max-q.c4005,community,high,,1
NVIDIA,NVIDIA,foreign,TU106,Quadro RTX 3000 Max-Q,GPU,both,workstation,Turing,TU106,Quadro Turing-M(Tx000),12,TSMC,445,10.8,BGA-2228,6,GDDR6,192,288,1500,1920,240,30,30,1920,64,3,FP64/FP32/FP16/BF16/INT8,FP64:0.1TFLOPS;FP32:4.7TFLOPS;FP16/BF16:9.3TFLOPS,600,1215,60,,None,,,IGP,PCIe 3.0 x16,2019-05-27,已量产,1,AI训练/推理 / HPC,"NVIDIA Quadro RTX 3000 Max-Q — Turing architecture, Quadro Turing-M(Tx000) generation, 6.0GB GDDR6",https://www.techpowerup.com/gpu-specs/quadro-rtx-3000-max-q.c3429,community,high,,1
NVIDIA,NVIDIA,foreign,TU106,Quadro RTX 3000 Mobile,GPU,both,workstation,Turing,TU106,Quadro Turing-M(Tx000),12,TSMC,445,10.8,BGA-2228,6,GDDR6,192,336,1750,1920,240,30,30,1920,64,3,FP64/FP32/FP16/BF16/INT8,FP64:0.2TFLOPS;FP32:5.3TFLOPS;FP16/BF16:10.6TFLOPS,945,1380,80,,None,,,MXM Module,PCIe 3.0 x16,2019-05-27,已量产,1,AI训练/推理 / HPC,"NVIDIA Quadro RTX 3000 Mobile — Turing architecture, Quadro Turing-M(Tx000) generation, 6.0GB GDDR6",https://www.techpowerup.com/gpu-specs/quadro-rtx-3000-mobile.c3428,community,high,,1
NVIDIA,NVIDIA,foreign,TU106,Quadro RTX 3000 Mobile Refresh,GPU,both,workstation,Turing,TU106,Quadro Turing-M(Tx000),12,TSMC,445,10.8,BGA-2228,6,GDDR6,192,336,1750,1920,240,30,30,1920,64,4,FP64/FP32/FP16/BF16/INT8,FP64:0.2TFLOPS;FP32:5.3TFLOPS;FP16/BF16:10.6TFLOPS,945,1380,80,,None,,,MXM Module,PCIe 3.0 x16,2019-05-27,已量产,1,AI训练/推理 / HPC,"NVIDIA Quadro RTX 3000 Mobile Refresh — Turing architecture, Quadro Turing-M(Tx000) generation, 6.0GB GDDR6",https://www.techpowerup.com/gpu-specs/quadro-rtx-3000-mobile-refresh.c3697,community,high,,1
NVIDIA,NVIDIA,foreign,TU106,Quadro RTX 3000 X2 Mobile,GPU,both,workstation,Turing,TU106,Quadro Turing-M(Tx000),12,TSMC,445,10.8,BGA-2228,6,GDDR6,192,336,1750,1920,240,30,30,1920,64,4,FP64/FP32/FP16/BF16/INT8,FP64:0.2TFLOPS;FP32:5.3TFLOPS;FP16/BF16:10.6TFLOPS,945,1380,160,,None,,,MXM Module,PCIe 3.0 x16,2019-05-27,已量产,1,AI训练/推理 / HPC,"NVIDIA Quadro RTX 3000 X2 Mobile — Turing architecture, Quadro Turing-M(Tx000) generation, 6.0GB GDDR6",https://www.techpowerup.com/gpu-specs/quadro-rtx-3000-x2-mobile.c4120,community,high,,1
NVIDIA,NVIDIA,foreign,TU104,Quadro RTX 4000 Max-Q,GPU,both,workstation,Turing,TU104,Quadro Turing-M(Tx000),12,TSMC,545,13.6,BGA-2228,8,GDDR6,256,384,1500,2560,320,40,40,2560,64,4,FP64/FP32/FP16/BF16/INT8,FP64:0.2TFLOPS;FP32:7.1TFLOPS;FP16/BF16:14.1TFLOPS,780,1380,80,,None,,,IGP,PCIe 3.0 x16,2019-05-27,已量产,1,AI训练/推理 / HPC,"NVIDIA Quadro RTX 4000 Max-Q — Turing architecture, Quadro Turing-M(Tx000) generation, 8.0GB GDDR6",https://www.techpowerup.com/gpu-specs/quadro-rtx-4000-max-q.c3427,community,high,,1
NVIDIA,NVIDIA,foreign,TU104,Quadro RTX 4000 Mobile,GPU,both,workstation,Turing,TU104,Quadro Turing-M(Tx000),12,TSMC,545,13.6,BGA-2228,8,GDDR6,256,448,1750,2560,320,40,40,2560,64,4,FP64/FP32/FP16/BF16/INT8,FP64:0.2TFLOPS;FP32:8.0TFLOPS;FP16/BF16:16.0TFLOPS,1110,1560,110,,None,,,IGP,PCIe 3.0 x16,2019-05-27,已量产,1,AI训练/推理 / HPC,"NVIDIA Quadro RTX 4000 Mobile — Turing architecture, Quadro Turing-M(Tx000) generation, 8.0GB GDDR6",https://www.techpowerup.com/gpu-specs/quadro-rtx-4000-mobile.c3430,community,high,,1
NVIDIA,NVIDIA,foreign,TU104,Quadro RTX 5000 Max-Q,GPU,both,datacenter,Turing,TU104,Quadro Turing-M(Tx000),12,TSMC,545,13.6,BGA-2228,16,GDDR6,256,384,1500,3072,384,48,48,3072,64,4,FP64/FP32/FP16/BF16/INT8,FP64:0.3TFLOPS;FP32:8.3TFLOPS;FP16/BF16:16.6TFLOPS,600,1350,80,,None,,,IGP,PCIe 3.0 x16,2019-05-27,已量产,1,AI训练/推理 / HPC,"NVIDIA Quadro RTX 5000 Max-Q — Turing architecture, Quadro Turing-M(Tx000) generation, 16.0GB GDDR6",https://www.techpowerup.com/gpu-specs/quadro-rtx-5000-max-q.c3432,community,high,,1
NVIDIA,NVIDIA,foreign,TU104,Quadro RTX 5000 Mobile,GPU,both,datacenter,Turing,TU104,Quadro Turing-M(Tx000),12,TSMC,545,13.6,BGA-2228,16,GDDR6,256,448,1750,3072,384,48,48,3072,64,4,FP64/FP32/FP16/BF16/INT8,FP64:0.3TFLOPS;FP32:9.4TFLOPS;FP16/BF16:18.8TFLOPS,1035,1530,110,,None,,,IGP,PCIe 3.0 x16,2019-05-27,已量产,1,AI训练/推理 / HPC,"NVIDIA Quadro RTX 5000 Mobile — Turing architecture, Quadro Turing-M(Tx000) generation, 16.0GB GDDR6",https://www.techpowerup.com/gpu-specs/quadro-rtx-5000-mobile.c3431,community,high,,1
NVIDIA,NVIDIA,foreign,TU102,Quadro RTX 6000 Mobile,GPU,both,datacenter,Turing,TU102,Quadro Turing-M(Tx000),12,TSMC,754,18.6,,24,GDDR6,384,672,1750,4608,576,72,72,4608,64,6,FP64/FP32/FP16/BF16/INT8,FP64:0.4TFLOPS;FP32:13.4TFLOPS;FP16/BF16:26.8TFLOPS,1275,1455,,,None,,,IGP,PCIe 3.0 x16,2019-09-04,已量产,1,AI训练/推理 / HPC,"NVIDIA Quadro RTX 6000 Mobile — Turing architecture, Quadro Turing-M(Tx000) generation, 24.0GB GDDR6",https://www.techpowerup.com/gpu-specs/quadro-rtx-6000-mobile.c3497,community,high,,1
NVIDIA,NVIDIA,foreign,TU117,Quadro T1000 Max-Q,GPU,both,workstation,Turing,TU117,Quadro Turing-M(Tx000),12,TSMC,200,4.7,BGA-960,4,GDDR5,128,80,1250,896,0,0,14,896,64,1,FP64/FP32/FP16/BF16/INT8,FP64:0.1TFLOPS;FP32:2.4TFLOPS;FP16/BF16:4.8TFLOPS,765,1350,50,,None,,,IGP,PCIe 3.0 x16,2019-05-27,已量产,1,AI训练/推理 / HPC,"NVIDIA Quadro T1000 Max-Q — Turing architecture, Quadro Turing-M(Tx000) generation, 4.0GB GDDR5",https://www.techpowerup.com/gpu-specs/quadro-t1000-max-q.c3807,community,high,,1
NVIDIA,NVIDIA,foreign,TU117,Quadro T1000 Mobile,GPU,both,workstation,Turing,TU117,Quadro Turing-M(Tx000),12,TSMC,200,4.7,BGA-960,4,GDDR5,128,128.1,2001,896,0,0,14,896,64,1,FP64/FP32/FP16/BF16/INT8,FP64:0.1TFLOPS;FP32:2.6TFLOPS;FP16/BF16:5.2TFLOPS,1395,1455,50,,None,,,IGP,PCIe 3.0 x16,2019-05-27,已量产,1,AI训练/推理 / HPC,"NVIDIA Quadro T1000 Mobile — Turing architecture, Quadro Turing-M(Tx000) generation, 4.0GB GDDR5",https://www.techpowerup.com/gpu-specs/quadro-t1000-mobile.c3435,community,high,,1
NVIDIA,NVIDIA,foreign,TU117,Quadro T2000 Max-Q,GPU,both,workstation,Turing,TU117,Quadro Turing-M(Tx000),12,TSMC,200,4.7,BGA-960,4,GDDR5,128,80,1250,1024,0,0,16,1024,64,1,FP64/FP32/FP16/BF16/INT8,FP64:0.1TFLOPS;FP32:2.9TFLOPS;FP16/BF16:5.7TFLOPS,1035,1395,40,,None,,,IGP,PCIe 3.0 x16,2019-05-27,已量产,1,AI训练/推理 / HPC,"NVIDIA Quadro T2000 Max-Q — Turing architecture, Quadro Turing-M(Tx000) generation, 4.0GB GDDR5",https://www.techpowerup.com/gpu-specs/quadro-t2000-max-q.c3436,community,high,,1
NVIDIA,NVIDIA,foreign,TU117,Quadro T2000 Mobile,GPU,both,workstation,Turing,TU117,Quadro Turing-M(Tx000),12,TSMC,200,4.7,BGA-960,4,GDDR5,128,128.1,2001,1024,0,0,16,1024,64,1,FP64/FP32/FP16/BF16/INT8,FP64:0.1TFLOPS;FP32:3.7TFLOPS;FP16/BF16:7.3TFLOPS,1575,1785,60,,None,,,IGP,PCIe 3.0 x16,2019-05-27,已量产,1,AI训练/推理 / HPC,"NVIDIA Quadro T2000 Mobile — Turing architecture, Quadro Turing-M(Tx000) generation, 4.0GB GDDR5",https://www.techpowerup.com/gpu-specs/quadro-t2000-mobile.c3434,community,high,,1
NVIDIA,NVIDIA,foreign,GM20B,Switch GPU 16nm,GPU,both,workstation,Maxwell 2.0,GM20B,Console GPU(Nintendo),16,TSMC,100,2,,4,DDR4,64,25.6,1600,256,0,0,2,256,0,0,FP64/FP32/FP16/BF16/INT8,FP64:0.0TFLOPS;FP32:0.4TFLOPS;FP16/BF16:0.8TFLOPS,384,768,15,,,239,28,,,2019-08-16,已量产,1,AI训练/推理 / HPC,"NVIDIA Switch GPU 16nm — Maxwell 2.0 architecture, Console GPU(Nintendo) generation, 4.0GB DDR4",https://www.techpowerup.com/gpu-specs/switch-gpu-16nm.c3754,community,high,,1
NVIDIA,NVIDIA,foreign,GV100,Tesla PG500-216,GPU,both,datacenter,Volta,GV100,Tesla Volta(Vxx),12,TSMC,815,21.1,,32,HBM2,4096,1130,1106,5120,640,0,80,5120,128,6,FP64/FP32/FP16/BF16/INT8,FP64:7.1TFLOPS;FP32:14.1TFLOPS;FP16/BF16:28.3TFLOPS,1260,1380,250,600,None,,,Dual-slot,PCIe 3.0 x16,2019-11-26,已量产,1,AI训练/推理 / HPC,"NVIDIA Tesla PG500-216 — Volta architecture, Tesla Volta(Vxx) generation, 32.0GB HBM2",https://www.techpowerup.com/gpu-specs/tesla-pg500-216.c3791,community,high,,1
NVIDIA,NVIDIA,foreign,GV100,Tesla PG503-216,GPU,both,datacenter,Volta,GV100,Tesla Volta(Vxx),12,TSMC,815,21.1,,32,HBM2,4096,1130,1106,4608,640,0,80,4608,128,6,FP64/FP32/FP16/BF16/INT8,FP64:7.0TFLOPS;FP32:14.1TFLOPS;FP16/BF16:28.2TFLOPS,1312,1530,250,600,None,,,Dual-slot,PCIe 3.0 x16,2019-11-26,已量产,1,AI训练/推理 / HPC,"NVIDIA Tesla PG503-216 — Volta architecture, Tesla Volta(Vxx) generation, 32.0GB HBM2",https://www.techpowerup.com/gpu-specs/tesla-pg503-216.c3790,community,high,,1
NVIDIA,NVIDIA,foreign,GV100,Tesla V100 SXM2 16 GB,GPU,both,datacenter,Volta,GV100,Tesla Volta(Vxx),12,TSMC,815,21.1,,16,HBM2,4096,1130,1106,5120,640,0,80,5120,128,6,FP64/FP32/FP16/BF16/INT8,FP64:8.2TFLOPS;FP32:16.4TFLOPS;FP16/BF16:32.7TFLOPS,1245,1597,250,600,None,,,SXM Module,PCIe 3.0 x16,2019-11-26,已量产,1,AI训练/推理 / HPC,"NVIDIA Tesla V100 SXM2 16 GB — Volta architecture, Tesla Volta(Vxx) generation, 16.0GB HBM2",https://www.techpowerup.com/gpu-specs/tesla-v100-sxm2-16-gb.c3471,community,high,,1
NVIDIA,NVIDIA,foreign,GV100,Tesla V100S PCIe 32 GB,GPU,both,datacenter,Volta,GV100,Tesla Volta(Vxx),12,TSMC,815,21.1,,32,HBM2,4096,1130,1107,5120,640,0,80,5120,128,6,FP64/FP32/FP16/BF16/INT8,FP64:8.2TFLOPS;FP32:16.4TFLOPS;FP16/BF16:32.7TFLOPS,1245,1597,250,600,2x 8-pin,,,Dual-slot,PCIe 3.0 x16,2019-11-26,已量产,1,AI训练/推理 / HPC,"NVIDIA Tesla V100S PCIe 32 GB — Volta architecture, Tesla Volta(Vxx) generation, 32.0GB HBM2",https://www.techpowerup.com/gpu-specs/tesla-v100s-pcie-32-gb.c3467,community,high,,1
AMD,AMD,foreign,Ellesmere,Radeon E9390 PCIe,GPU,both,workstation,GCN 4.0,Ellesmere,Embedded(9000),14,GlobalFoundries,232,5.7,BGA-1401,8,GDDR5,256,160,1250,1792,0,0,0,1792,16,2,FP64/FP32/FP16/BF16/INT8,FP64:0.2TFLOPS;FP32:3.9TFLOPS;FP16/BF16:3.9TFLOPS,713,1089,75,,None,173,,Single-slot,PCIe 3.0 x16,2019-10-15,已量产,1,AI训练/推理 / HPC,"AMD Radeon E9390 PCIe — GCN 4.0 architecture, Embedded(9000) generation, 8.0GB GDDR5",https://www.techpowerup.com/gpu-specs/radeon-e9390-pcie.c3617,community,high,,1
AMD,AMD,foreign,Ellesmere,Radeon E9560 PCIe,GPU,both,workstation,GCN 4.0,Ellesmere,Embedded(9000),14,GlobalFoundries,232,5.7,BGA-1401,8,GDDR5,256,224,1750,2304,0,0,0,2304,16,2,FP64/FP32/FP16/BF16/INT8,FP64:0.4TFLOPS;FP32:5.7TFLOPS;FP16/BF16:5.7TFLOPS,1120,1237,130,,1x 6-pin,241,,Single-slot,PCIe 3.0 x16,2019-10-15,已量产,1,AI训练/推理 / HPC,"AMD Radeon E9560 PCIe — GCN 4.0 architecture, Embedded(9000) generation, 8.0GB GDDR5",https://www.techpowerup.com/gpu-specs/radeon-e9560-pcie.c3616,community,high,,1
AMD,AMD,foreign,Navi 14,Radeon Pro 5300M,GPU,both,workstation,RDNA 1.0,Navi 14,Radeon Pro Mac(Navi Mobile),7,TSMC,158,6.4,BGA-1125,4,GDDR6,128,192,1500,1280,0,0,0,1280,0,2,FP64/FP32/FP16/BF16/INT8,FP64:0.2TFLOPS;FP32:3.2TFLOPS;FP16/BF16:6.4TFLOPS,1000,1250,85,,None,,,,PCIe 4.0 x8,2019-11-13,已量产,1,AI训练/推理 / HPC,"AMD Radeon Pro 5300M — RDNA 1.0 architecture, Radeon Pro Mac(Navi Mobile) generation, 4.0GB GDDR6",https://www.techpowerup.com/gpu-specs/radeon-pro-5300m.c3464,community,high,,1
AMD,AMD,foreign,Navi 14,Radeon Pro 5500M,GPU,both,workstation,RDNA 1.0,Navi 14,Radeon Pro Mac(Navi Mobile),7,TSMC,158,6.4,BGA-1125,8,GDDR6,128,192,1500,1536,0,0,0,1536,0,2,FP64/FP32/FP16/BF16/INT8,FP64:0.3TFLOPS;FP32:4.5TFLOPS;FP16/BF16:8.9TFLOPS,1000,1450,85,,None,,,,PCIe 4.0 x8,2019-11-13,已量产,1,AI训练/推理 / HPC,"AMD Radeon Pro 5500M — RDNA 1.0 architecture, Radeon Pro Mac(Navi Mobile) generation, 8.0GB GDDR6",https://www.techpowerup.com/gpu-specs/radeon-pro-5500m.c3463,community,high,,1
AMD,AMD,foreign,Ellesmere,Radeon Pro 570X,GPU,both,workstation,GCN 4.0,Ellesmere,Radeon Pro Mac(500X Series),14,GlobalFoundries,232,5.7,BGA-1401,4,GDDR5,256,217,1695,1792,0,0,0,1792,16,2,FP64/FP32/FP16/BF16/INT8,FP64:0.2TFLOPS;FP32:4.0TFLOPS;FP16/BF16:4.0TFLOPS,1000,1105,150,,None,,,IGP,PCIe 3.0 x16,2019-03-18,已量产,1,AI训练/推理 / HPC,"AMD Radeon Pro 570X — GCN 4.0 architecture, Radeon Pro Mac(500X Series) generation, 4.0GB GDDR5",https://www.techpowerup.com/gpu-specs/radeon-pro-570x.c3396,community,high,,1
AMD,AMD,foreign,Ellesmere,Radeon Pro 575X,GPU,both,workstation,GCN 4.0,Ellesmere,Radeon Pro Mac(500X Series),14,GlobalFoundries,232,5.7,BGA-1401,4,GDDR5,256,217,1695,2048,0,0,0,2048,16,2,FP64/FP32/FP16/BF16/INT8,FP64:0.3TFLOPS;FP32:4.5TFLOPS;FP16/BF16:4.5TFLOPS,1096,1096,150,,None,,,IGP,PCIe 3.0 x16,2019-03-18,已量产,1,AI训练/推理 / HPC,"AMD Radeon Pro 575X — GCN 4.0 architecture, Radeon Pro Mac(500X Series) generation, 4.0GB GDDR5",https://www.techpowerup.com/gpu-specs/radeon-pro-575x.c3397,community,high,,1
AMD,AMD,foreign,Ellesmere,Radeon Pro 580X,GPU,both,workstation,GCN 4.0,Ellesmere,Radeon Pro Mac(500X Series),14,GlobalFoundries,232,5.7,BGA-1401,8,GDDR5,256,218.9,1710,2304,0,0,0,2304,16,2,FP64/FP32/FP16/BF16/INT8,FP64:0.3TFLOPS;FP32:5.5TFLOPS;FP16/BF16:5.5TFLOPS,1100,1200,185,,,,,IGP,Apple MPX,2019-03-18,已量产,1,AI训练/推理 / HPC,"AMD Radeon Pro 580X — GCN 4.0 architecture, Radeon Pro Mac(500X Series) generation, 8.0GB GDDR5",https://www.techpowerup.com/gpu-specs/radeon-pro-580x.c3398,community,high,,1
AMD,AMD,foreign,Vega 10,Radeon Pro Vega 48,GPU,both,workstation,GCN 5.0,Vega 10,Radeon Pro Mac(Vega Series),14,GlobalFoundries,495,12.5,BGA-2013,8,HBM2,2048,402.4,786,3072,0,0,0,3072,16,4,FP64/FP32/FP16/BF16/INT8,FP64:0.5TFLOPS;FP32:7.4TFLOPS;FP16/BF16:14.8TFLOPS,1200,1200,,,None,,,IGP,PCIe 3.0 x16,2019-03-19,已量产,1,AI训练/推理 / HPC,"AMD Radeon Pro Vega 48 — GCN 5.0 architecture, Radeon Pro Mac(Vega Series) generation, 8.0GB HBM2",https://www.techpowerup.com/gpu-specs/radeon-pro-vega-48.c3395,community,high,,1
AMD,AMD,foreign,Vega 10,Radeon Pro Vega 64X,GPU,both,workstation,GCN 5.0,Vega 10,Radeon Pro Mac(Vega Series),14,GlobalFoundries,495,12.5,BGA-2013,16,HBM2,2048,512,1000,4096,0,0,0,4096,16,4,FP64/FP32/FP16/BF16/INT8,FP64:0.8TFLOPS;FP32:12.0TFLOPS;FP16/BF16:24.1TFLOPS,1250,1468,250,,None,,,IGP,PCIe 3.0 x16,2019-03-19,已量产,1,AI训练/推理 / HPC,"AMD Radeon Pro Vega 64X — GCN 5.0 architecture, Radeon Pro Mac(Vega Series) generation, 16.0GB HBM2",https://www.techpowerup.com/gpu-specs/radeon-pro-vega-64x.c3404,community,high,,1
AMD,AMD,foreign,Vega 20,Radeon Pro Vega II,GPU,both,datacenter,GCN 5.1,Vega 20,Radeon Pro Mac(Vega Series),7,TSMC,331,13.23,BGA-1933,32,HBM2,4096,825.3,806,4096,0,0,0,4096,16,4,FP64/FP32/FP16/BF16/INT8,FP64:7.0TFLOPS;FP32:14.1TFLOPS;FP16/BF16:28.2TFLOPS,1574,1720,475,850,,,,Quad-slot,Apple MPX,2019-06-03,已量产,1,AI训练/推理 / HPC,"AMD Radeon Pro Vega II — GCN 5.1 architecture, Radeon Pro Mac(Vega Series) generation, 32.0GB HBM2",https://www.techpowerup.com/gpu-specs/radeon-pro-vega-ii.c3426,community,high,,1
AMD,AMD,foreign,Vega 20,Radeon Pro Vega II Duo,GPU,both,datacenter,GCN 5.1,Vega 20,Radeon Pro Mac(Vega Series),7,TSMC,331,13.23,BGA-1933,32,HBM2,4096,1020,1000,4096,0,0,0,4096,16,4,FP64/FP32/FP16/BF16/INT8,FP64:7.0TFLOPS;FP32:14.1TFLOPS;FP16/BF16:28.2TFLOPS,1400,1720,475,850,,,,Quad-slot,Apple MPX,2019-06-03,已量产,1,AI训练/推理 / HPC,"AMD Radeon Pro Vega II Duo — GCN 5.1 architecture, Radeon Pro Mac(Vega Series) generation, 32.0GB HBM2",https://www.techpowerup.com/gpu-specs/radeon-pro-vega-ii-duo.c3268,community,high,,1
AMD,AMD,foreign,Navi 14,Radeon Pro W5300M,GPU,both,workstation,RDNA 1.0,Navi 14,Radeon Pro Mobile(W5x00M),7,TSMC,158,6.4,BGA-1125,4,GDDR6,128,192,1500,1280,0,0,0,1280,0,2,FP64/FP32/FP16/BF16/INT8,FP64:0.2TFLOPS;FP32:3.2TFLOPS;FP16/BF16:6.4TFLOPS,1000,1250,85,,None,,,,PCIe 4.0 x8,2019-11-13,已量产,1,AI训练/推理 / HPC,"AMD Radeon Pro W5300M — RDNA 1.0 architecture, Radeon Pro Mobile(W5x00M) generation, 4.0GB GDDR6",https://www.techpowerup.com/gpu-specs/radeon-pro-w5300m.c3477,community,high,,1
AMD,AMD,foreign,Navi 14,Radeon Pro W5500X,GPU,both,workstation,RDNA 1.0,Navi 14,Radeon Pro Mac(Navi Series),7,TSMC,158,6.4,BGA-1125,8,GDDR6,128,224,1750,1536,0,0,0,1536,0,2,FP64/FP32/FP16/BF16/INT8,FP64:0.3TFLOPS;FP32:5.4TFLOPS;FP16/BF16:10.8TFLOPS,1187,1757,125,300,,,,Dual-slot,Apple MPX,2019-12-11,已量产,1,AI训练/推理 / HPC,"AMD Radeon Pro W5500X — RDNA 1.0 architecture, Radeon Pro Mac(Navi Series) generation, 8.0GB GDDR6",https://www.techpowerup.com/gpu-specs/radeon-pro-w5500x.c4105,community,high,,1
AMD,AMD,foreign,Navi 10,Radeon Pro W5700,GPU,both,workstation,RDNA 1.0,Navi 10,Radeon Pro Navi(Navi Series),7,TSMC,251,10.3,BGA-1928,8,GDDR6,256,448,1750,2304,0,0,0,2304,0,4,FP64/FP32/FP16/BF16/INT8,FP64:0.5TFLOPS;FP32:8.7TFLOPS;FP16/BF16:17.3TFLOPS,1400,1880,205,550,1x 6-pin + 1x 8-pin,267,,Dual-slot,PCIe 4.0 x16,2019-11-19,已量产,1,AI训练/推理 / HPC,"AMD Radeon Pro W5700 — RDNA 1.0 architecture, Radeon Pro Navi(Navi Series) generation, 8.0GB GDDR6",https://www.techpowerup.com/gpu-specs/radeon-pro-w5700.c3466,community,high,,1
AMD,AMD,foreign,Navi 10,Radeon Pro W5700X,GPU,both,datacenter,RDNA 1.0,Navi 10,Radeon Pro Mac(Navi Series),7,TSMC,251,10.3,BGA-1928,16,GDDR6,256,448,1750,2560,0,0,0,2560,0,4,FP64/FP32/FP16/BF16/INT8,FP64:0.7TFLOPS;FP32:10.4TFLOPS;FP16/BF16:20.9TFLOPS,1243,2040,205,550,,305,,Quad-slot,Apple MPX,2019-12-11,已量产,1,AI训练/推理 / HPC,"AMD Radeon Pro W5700X — RDNA 1.0 architecture, Radeon Pro Mac(Navi Series) generation, 16.0GB GDDR6",https://www.techpowerup.com/gpu-specs/radeon-pro-w5700x.c3583,community,high,,1
AMD,AMD,foreign,Polaris 23,Radeon Pro WX 3200,GPU,both,workstation,GCN 4.0,Polaris 23,Radeon Pro Polaris(WX x200),14,GlobalFoundries,103,2.2,BGA-769,4,GDDR5,128,96,1500,640,0,0,0,640,16,0.5,FP64/FP32/FP16/BF16/INT8,FP64:0.1TFLOPS;FP32:1.7TFLOPS;FP16/BF16:1.7TFLOPS,1295,1295,65,250,None,167,,Single-slot,PCIe 3.0 x8,2019-07-02,已量产,1,AI训练/推理 / HPC,"AMD Radeon Pro WX 3200 — GCN 4.0 architecture, Radeon Pro Polaris(WX x200) generation, 4.0GB GDDR5",https://www.techpowerup.com/gpu-specs/radeon-pro-wx-3200.c3412,community,high,,1
AMD,AMD,foreign,Polaris 23,Radeon Pro WX 3200 Mobile,GPU,both,workstation,GCN 4.0,Polaris 23,Radeon Pro Mobile(WX x200),14,GlobalFoundries,103,2.2,BGA-769,4,GDDR5,128,64,1000,640,0,0,0,640,16,0.5,FP64/FP32/FP16/BF16/INT8,FP64:0.1TFLOPS;FP32:1.4TFLOPS;FP16/BF16:1.4TFLOPS,1082,1082,65,,None,,,MXM Module,PCIe 3.0 x8,2019-07-02,已量产,1,AI训练/推理 / HPC,"AMD Radeon Pro WX 3200 Mobile — GCN 4.0 architecture, Radeon Pro Mobile(WX x200) generation, 4.0GB GDDR5",https://www.techpowerup.com/gpu-specs/radeon-pro-wx-3200-mobile.c3461,community,high,,1
AMD,AMD,foreign,Vega 20,Radeon VII,GPU,both,workstation,GCN 5.1,Vega 20,Vega II(Radeon VII),7,TSMC,331,13.23,BGA-1933,16,HBM2,4096,1020,1000,3840,0,0,0,3840,16,4,FP64/FP32/FP16/BF16/INT8,FP64:3.4TFLOPS;FP32:13.4TFLOPS;FP16/BF16:26.9TFLOPS,1400,1750,295,600,2x 8-pin,280,40,Dual-slot,PCIe 3.0 x16,2019-02-07,已量产,1,AI训练/推理 / HPC,"AMD Radeon VII — GCN 5.1 architecture, Vega II(Radeon VII) generation, 16.0GB HBM2",https://www.techpowerup.com/gpu-specs/radeon-vii.c3358,community,high,,1
NVIDIA,NVIDIA,foreign,GA100,A100 PCIe 40 GB,GPU,both,datacenter,Ampere,GA100,Server Ampere(Axx),7,TSMC,826,54.2,BGA-2743,40,HBM2e,5120,1560,1215,6912,432,0,108,6912,192,40,FP64/FP32/FP16/BF16/INT8,FP64:9.7TFLOPS;FP32:19.5TFLOPS;FP16/BF16:78.0TFLOPS,765,1410,250,600,8-pin EPS,267,,Dual-slot,PCIe 4.0 x16,2020-06-22,已量产,1,AI训练/推理 / HPC,"NVIDIA A100 PCIe 40 GB — Ampere architecture, Server Ampere(Axx) generation, 40.0GB HBM2e",https://www.techpowerup.com/gpu-specs/a100-pcie-40-gb.c3623,community,high,,1
NVIDIA,NVIDIA,foreign,GA100,A100 SXM4 40 GB,GPU,both,datacenter,Ampere,GA100,Server Ampere(Axx),7,TSMC,826,54.2,BGA-2743,40,HBM2e,5120,1560,1215,6912,432,0,108,6912,192,40,FP64/FP32/FP16/BF16/INT8,FP64:9.7TFLOPS;FP32:19.5TFLOPS;FP16/BF16:78.0TFLOPS,1095,1410,400,800,None,,,SXM Module,PCIe 4.0 x16,2020-05-14,已量产,1,AI训练/推理 / HPC,"NVIDIA A100 SXM4 40 GB — Ampere architecture, Server Ampere(Axx) generation, 40.0GB HBM2e",https://www.techpowerup.com/gpu-specs/a100-sxm4-40-gb.c3506,community,high,,1
NVIDIA,NVIDIA,foreign,GA100,A100 SXM4 80 GB,GPU,both,datacenter,Ampere,GA100,Server Ampere(Axx),7,TSMC,826,54.2,BGA-2743,80,HBM2e,5120,2040,1593,6912,432,0,108,6912,192,40,FP64/FP32/FP16/BF16/INT8,FP64:9.7TFLOPS;FP32:19.5TFLOPS;FP16/BF16:78.0TFLOPS,1275,1410,400,800,None,,,OAM Module,PCIe 4.0 x16,2020-11-16,已量产,1,AI训练/推理 / HPC,"NVIDIA A100 SXM4 80 GB — Ampere architecture, Server Ampere(Axx) generation, 80.0GB HBM2e",https://www.techpowerup.com/gpu-specs/a100-sxm4-80-gb.c3746,community,high,,1
NVIDIA,NVIDIA,foreign,GA102,A40 PCIe,GPU,both,datacenter,Ampere,GA102,Server Ampere(Axx),8,Samsung,628,28.3,BGA-3328,48,GDDR6,384,695.8,1812,10752,336,84,84,10752,128,6,FP64/FP32/FP16/BF16/INT8,FP64:0.6TFLOPS;FP32:37.4TFLOPS;FP16/BF16:37.4TFLOPS,1305,1740,300,700,8-pin EPS,267,,Dual-slot,PCIe 4.0 x16,2020-10-05,已量产,1,AI训练/推理 / HPC,"NVIDIA A40 PCIe — Ampere architecture, Server Ampere(Axx) generation, 48.0GB GDDR6",https://www.techpowerup.com/gpu-specs/a40-pcie.c3700,community,high,,1
NVIDIA,NVIDIA,foreign,GV100,CMP 100HX-210,GPU,both,workstation,Volta,GV100,Mining GPUs,12,TSMC,815,21.1,,16,HBM2,4096,829.4,810,5120,640,0,80,5120,96,6,FP64/FP32/FP16/BF16/INT8,FP64:5.9TFLOPS;FP32:11.8TFLOPS;FP16/BF16:23.5TFLOPS,555,1147,250,600,1x 6-pin + 1x 8-pin,267,40,Dual-slot,PCIe 1.0 x1,2020-01-01,已量产,1,AI训练/推理 / HPC,"NVIDIA CMP 100HX-210 — Volta architecture, Mining GPUs generation, 16.0GB HBM2",https://www.techpowerup.com/gpu-specs/cmp-100hx-210.c4202,community,high,,1
NVIDIA,NVIDIA,foreign,GA100,DRIVE A100 PROD,GPU,both,datacenter,Ampere,GA100,DRIVE(Axx),7,TSMC,826,54.2,BGA-2743,32,HBM2e,6144,1870,1215,6912,432,0,108,6912,192,32,FP64/FP32/FP16/BF16/INT8,FP64:8.7TFLOPS;FP32:17.4TFLOPS;FP16/BF16:69.7TFLOPS,1260,1260,400,800,None,,,IGP,PCIe 4.0 x16,2020-05-14,已量产,1,AI训练/推理 / HPC,"NVIDIA DRIVE A100 PROD — Ampere architecture, DRIVE(Axx) generation, 32.0GB HBM2e",https://www.techpowerup.com/gpu-specs/drive-a100-prod.c3967,community,high,,1
NVIDIA,NVIDIA,foreign,GA100,GRID A100A,GPU,both,datacenter,Ampere,GA100,GRID(Ax),7,TSMC,826,54.2,BGA-2743,32,HBM2e,6144,1870,1215,6912,432,0,108,6912,192,32,FP64/FP32/FP16/BF16/INT8,FP64:9.7TFLOPS;FP32:19.5TFLOPS;FP16/BF16:78.0TFLOPS,1095,1410,400,800,None,,,IGP,PCIe 4.0 x16,2020-05-14,已量产,1,AI训练/推理 / HPC,"NVIDIA GRID A100A — Ampere architecture, GRID(Ax) generation, 32.0GB HBM2e",https://www.techpowerup.com/gpu-specs/grid-a100a.c3579,community,high,,1
NVIDIA,NVIDIA,foreign,GA100,GRID A100B,GPU,both,datacenter,Ampere,GA100,GRID(Ax),7,TSMC,826,54.2,BGA-2743,48,HBM2e,6144,1870,1215,6912,432,0,108,6912,192,48,FP64/FP32/FP16/BF16/INT8,FP64:6.9TFLOPS;FP32:13.9TFLOPS;FP16/BF16:55.6TFLOPS,900,1005,400,800,None,,,IGP,PCIe 4.0 x16,2020-05-14,已量产,1,AI训练/推理 / HPC,"NVIDIA GRID A100B — Ampere architecture, GRID(Ax) generation, 48.0GB HBM2e",https://www.techpowerup.com/gpu-specs/grid-a100b.c3578,community,high,,1
NVIDIA,NVIDIA,foreign,TU102,GRID RTX T10-4,GPU,both,workstation,Turing,TU102,GRID(Tx),12,TSMC,754,18.6,,4,GDDR6,384,672,1750,3584,448,56,56,3584,64,6,FP64/FP32/FP16/BF16/INT8,FP64:0.3TFLOPS;FP32:10.0TFLOPS;FP16/BF16:20.0TFLOPS,1065,1395,150,450,1x 6-pin + 1x 8-pin,267,,Dual-slot,PCIe 3.0 x16,2020-01-01,已量产,1,AI训练/推理 / HPC,"NVIDIA GRID RTX T10-4 — Turing architecture, GRID(Tx) generation, 4.0GB GDDR6",https://www.techpowerup.com/gpu-specs/grid-rtx-t10-4.c3500,community,high,,1
NVIDIA,NVIDIA,foreign,GV10B,Jetson Xavier NX 16 GB,GPU,both,datacenter,Volta,GV10B,Tegra(Volta),12,TSMC,350,9,,16,LPDDR4X,128,59.71,1866,384,48,0,6,384,128,0.25,FP64/FP32/FP16/BF16/INT8,FP64:0.4TFLOPS;FP32:0.8TFLOPS;FP16/BF16:1.7TFLOPS,854,1100,20,,,70,,IGP,PCIe 4.0 x4,2020-05-14,已量产,1,AI训练/推理 / HPC,"NVIDIA Jetson Xavier NX 16 GB — Volta architecture, Tegra(Volta) generation, 16.0GB LPDDR4X",https://www.techpowerup.com/gpu-specs/jetson-xavier-nx-16-gb.c4087,community,high,,1
NVIDIA,NVIDIA,foreign,GV10B,Jetson Xavier NX 8 GB,GPU,both,workstation,Volta,GV10B,Tegra(Volta),12,TSMC,350,9,,8,LPDDR4X,128,59.71,1866,384,48,0,6,384,128,0.25,FP64/FP32/FP16/BF16/INT8,FP64:0.4TFLOPS;FP32:0.8TFLOPS;FP16/BF16:1.7TFLOPS,854,1100,15,,,70,,IGP,PCIe 4.0 x4,2020-05-14,已量产,1,AI训练/推理 / HPC,"NVIDIA Jetson Xavier NX 8 GB — Volta architecture, Tegra(Volta) generation, 8.0GB LPDDR4X",https://www.techpowerup.com/gpu-specs/jetson-xavier-nx-8-gb.c3642,community,high,,1
NVIDIA,NVIDIA,foreign,TU104B,Quadro RTX 5000 Mobile Refresh,GPU,both,datacenter,Turing,TU104B,Quadro Turing-M(Tx000),12,TSMC,545,13.6,BGA-2228,16,GDDR6,256,448,1750,3072,384,48,48,3072,64,4,FP64/FP32/FP16/BF16/INT8,FP64:0.3TFLOPS;FP32:9.4TFLOPS;FP16/BF16:18.8TFLOPS,1035,1530,110,,None,,,IGP,PCIe 3.0 x16,2020-06-08,已量产,1,AI训练/推理 / HPC,"NVIDIA Quadro RTX 5000 Mobile Refresh — Turing architecture, Quadro Turing-M(Tx000) generation, 16.0GB GDDR6",https://www.techpowerup.com/gpu-specs/quadro-rtx-5000-mobile-refresh.c3625,community,high,,1
NVIDIA,NVIDIA,foreign,TU104,Quadro RTX 5000 X2 Mobile,GPU,both,datacenter,Turing,TU104,Quadro Turing-M(Tx000),12,TSMC,545,13.6,BGA-2228,16,GDDR6,256,448,1750,3072,384,48,48,3072,64,4,FP64/FP32/FP16/BF16/INT8,FP64:0.3TFLOPS;FP32:9.4TFLOPS;FP16/BF16:18.8TFLOPS,1035,1530,110,,None,,,IGP,PCIe 3.0 x16,2020-06-08,已量产,1,AI训练/推理 / HPC,"NVIDIA Quadro RTX 5000 X2 Mobile — Turing architecture, Quadro Turing-M(Tx000) generation, 16.0GB GDDR6",https://www.techpowerup.com/gpu-specs/quadro-rtx-5000-x2-mobile.c4121,community,high,,1
NVIDIA,NVIDIA,foreign,TU117,Quadro T1000 Mobile GDDR6,GPU,both,workstation,Turing,TU117,Quadro Turing-M(Tx000),12,TSMC,200,4.7,BGA-960,4,GDDR6,128,192,1500,896,0,0,14,896,64,1,FP64/FP32/FP16/BF16/INT8,FP64:0.1TFLOPS;FP32:3.0TFLOPS;FP16/BF16:5.9TFLOPS,1395,1650,50,,None,,,IGP,PCIe 3.0 x16,2020-06-08,已量产,1,AI训练/推理 / HPC,"NVIDIA Quadro T1000 Mobile GDDR6 — Turing architecture, Quadro Turing-M(Tx000) generation, 4.0GB GDDR6",https://www.techpowerup.com/gpu-specs/quadro-t1000-mobile-gddr6.c3624,community,high,,1
NVIDIA,NVIDIA,foreign,GA102,RTX A6000,GPU,both,datacenter,Ampere,GA102,Workstation Ampere(Ax000),8,Samsung,628,28.3,BGA-3328,48,GDDR6,384,768,2000,10752,336,84,84,10752,128,6,FP64/FP32/FP16/BF16/INT8,FP64:0.6TFLOPS;FP32:38.7TFLOPS;FP16/BF16:38.7TFLOPS,1410,1800,300,700,8-pin EPS,267,,Dual-slot,PCIe 4.0 x16,2020-10-05,已量产,1,AI训练/推理 / HPC,"NVIDIA RTX A6000 — Ampere architecture, Workstation Ampere(Ax000) generation, 48.0GB GDDR6",https://www.techpowerup.com/gpu-specs/rtx-a6000.c3686,community,high,,1
NVIDIA,NVIDIA,foreign,TU117,T500 Max-Q,GPU,both,workstation,Turing,TU117,Quadro Turing-M(Tx000),12,TSMC,200,4.7,BGA-960,4,GDDR6,64,80,1250,896,0,0,14,896,64,1,FP64/FP32/FP16/BF16/INT8,FP64:0.1TFLOPS;FP32:2.6TFLOPS;FP16/BF16:5.1TFLOPS,795,1425,18,,None,,,IGP,PCIe 3.0 x16,2020-12-02,已量产,1,AI训练/推理 / HPC,"NVIDIA T500 Max-Q — Turing architecture, Quadro Turing-M(Tx000) generation, 4.0GB GDDR6",https://www.techpowerup.com/gpu-specs/t500-max-q.c4103,community,high,,1
NVIDIA,NVIDIA,foreign,TU117,T500 Mobile,GPU,both,workstation,Turing,TU117,Quadro Turing-M(Tx000),12,TSMC,200,4.7,BGA-960,4,GDDR6,64,80,1250,896,0,0,14,896,64,1,FP64/FP32/FP16/BF16/INT8,FP64:0.1TFLOPS;FP32:2.8TFLOPS;FP16/BF16:5.6TFLOPS,1185,1560,18,,None,,,IGP,PCIe 3.0 x16,2020-12-02,已量产,1,AI训练/推理 / HPC,"NVIDIA T500 Mobile — Turing architecture, Quadro Turing-M(Tx000) generation, 4.0GB GDDR6",https://www.techpowerup.com/gpu-specs/t500-mobile.c3747,community,high,,1
NVIDIA,NVIDIA,foreign,TU102,Tesla T10 16 GB,GPU,both,datacenter,Turing,TU102,Tesla Turing(Txx),12,TSMC,754,18.6,,16,GDDR6,256,403.2,1575,3584,448,56,56,3584,64,6,FP64/FP32/FP16/BF16/INT8,FP64:0.3TFLOPS;FP32:10.0TFLOPS;FP16/BF16:20.0TFLOPS,1065,1395,150,450,1x 8-pin,267,,Single-slot,PCIe 3.0 x16,2020-01-01,已量产,1,AI训练/推理 / HPC,"NVIDIA Tesla T10 16 GB — Turing architecture, Tesla Turing(Txx) generation, 16.0GB GDDR6",https://www.techpowerup.com/gpu-specs/tesla-t10-16-gb.c4036,community,high,,1
AMD,AMD,foreign,Kryptos,AeroBox GPU,GPU,both,workstation,GCN 1.0,Kryptos,Console GPU(Chuwi),16,TSMC,,,,8,DDR3,256,68.22,1066,896,0,0,0,896,0,0,FP64/FP32/FP16/BF16/INT8,FP64:0.1TFLOPS;FP32:1.8TFLOPS;FP16/BF16:3.5TFLOPS,935,985,100,,,289,56,,,2020-03-13,已量产,1,AI训练/推理 / HPC,"AMD AeroBox GPU — GCN 1.0 architecture, Console GPU(Chuwi) generation, 8.0GB DDR3",https://www.techpowerup.com/gpu-specs/aerobox-gpu.c3648,community,high,,1
AMD,AMD,foreign,Banded Kestrel,Atari VCS 400 GPU,GPU,both,workstation,GCN 5.0,Banded Kestrel,Console GPU(Atari),14,GlobalFoundries,149,,FCBGA-1140,4,DDR4,128,38.4,1200,192,0,0,0,192,0,0,FP64/FP32/FP16/BF16/INT8,FP64:0.0TFLOPS;FP32:0.5TFLOPS;FP16/BF16:0.9TFLOPS,300,1201,15,,,295,48,,,2020-12-14,已量产,1,AI训练/推理 / HPC,"AMD Atari VCS 400 GPU — GCN 5.0 architecture, Console GPU(Atari) generation, 4.0GB DDR4",https://www.techpowerup.com/gpu-specs/atari-vcs-400-gpu.c3738,community,high,,1
AMD,AMD,foreign,Banded Kestrel,Atari VCS 800 GPU,GPU,both,workstation,GCN 5.0,Banded Kestrel,Console GPU(Atari),14,GlobalFoundries,149,,FCBGA-1140,8,DDR4,128,38.4,1200,192,0,0,0,192,0,0,FP64/FP32/FP16/BF16/INT8,FP64:0.0TFLOPS;FP32:0.5TFLOPS;FP16/BF16:0.9TFLOPS,300,1201,15,,,295,48,,,2020-12-14,已量产,1,AI训练/推理 / HPC,"AMD Atari VCS 800 GPU — GCN 5.0 architecture, Console GPU(Atari) generation, 8.0GB DDR4",https://www.techpowerup.com/gpu-specs/atari-vcs-800-gpu.c3654,community,high,,1
AMD,AMD,foreign,Oberon,Playstation 5 GPU,GPU,both,workstation,RDNA 2.0,Oberon,Console GPU(Sony),7,TSMC,308,10.6,,16,GDDR6,256,448,1750,2304,0,0,0,2304,0,4,FP64/FP32/FP16/BF16/INT8,FP64:0.6TFLOPS;FP32:10.3TFLOPS;FP16/BF16:20.6TFLOPS,2233,2233,180,,,390,104,,,2020-11-12,已量产,1,AI训练/推理 / HPC,"AMD Playstation 5 GPU — RDNA 2.0 architecture, Console GPU(Sony) generation, 16.0GB GDDR6",https://www.techpowerup.com/gpu-specs/playstation-5-gpu.c3480,community,high,,1
AMD,AMD,foreign,Arcturus,Radeon Instinct MI100,GPU,both,datacenter,CDNA 1.0,Arcturus,Radeon Instinct(MIx),7,TSMC,750,25.6,,32,HBM2,4096,1230,1200,7680,0,0,0,7680,16,8,FP64/FP32/FP16/BF16/INT8,FP64:11.5TFLOPS;FP32:23.1TFLOPS;FP16/BF16:184.6TFLOPS,1000,1502,300,700,2x 8-pin,267,,Dual-slot,PCIe 4.0 x16,2020-11-16,已量产,1,AI训练/推理 / HPC,"AMD Radeon Instinct MI100 — CDNA 1.0 architecture, Radeon Instinct(MIx) generation, 32.0GB HBM2",https://www.techpowerup.com/gpu-specs/radeon-instinct-mi100.c3496,community,high,,1
AMD,AMD,foreign,Navi 14,Radeon Pro 5300,GPU,both,workstation,RDNA 1.0,Navi 14,Radeon Pro Mac(Navi Series),7,TSMC,158,6.4,BGA-1125,4,GDDR6,128,224,1750,1280,0,0,0,1280,0,2,FP64/FP32/FP16/BF16/INT8,FP64:0.3TFLOPS;FP32:4.2TFLOPS;FP16/BF16:8.4TFLOPS,1000,1650,85,250,None,,,IGP,PCIe 4.0 x8,2020-08-04,已量产,1,AI训练/推理 / HPC,"AMD Radeon Pro 5300 — RDNA 1.0 architecture, Radeon Pro Mac(Navi Series) generation, 4.0GB GDDR6",https://www.techpowerup.com/gpu-specs/radeon-pro-5300.c3665,community,high,,1
AMD,AMD,foreign,Navi 12,Radeon Pro 5600M,GPU,both,workstation,RDNA 1.0,Navi 12,Radeon Pro Mac(Navi Mobile),7,TSMC,,,,8,HBM2,2048,394.2,770,2560,0,0,0,2560,0,4,FP64/FP32/FP16/BF16/INT8,FP64:0.4TFLOPS;FP32:5.9TFLOPS;FP16/BF16:11.7TFLOPS,822,1144,50,,None,,,IGP,PCIe 4.0 x16,2020-06-15,已量产,1,AI训练/推理 / HPC,"AMD Radeon Pro 5600M — RDNA 1.0 architecture, Radeon Pro Mac(Navi Mobile) generation, 8.0GB HBM2",https://www.techpowerup.com/gpu-specs/radeon-pro-5600m.c3612,community,high,,1
AMD,AMD,foreign,Navi 10,Radeon Pro 5700,GPU,both,workstation,RDNA 1.0,Navi 10,Radeon Pro Mac(Navi Series),7,TSMC,251,10.3,BGA-1928,8,GDDR6,256,384,1500,2304,0,0,0,2304,0,4,FP64/FP32/FP16/BF16/INT8,FP64:0.4TFLOPS;FP32:6.2TFLOPS;FP16/BF16:12.4TFLOPS,1243,1350,130,300,None,,,IGP,PCIe 4.0 x16,2020-08-04,已量产,1,AI训练/推理 / HPC,"AMD Radeon Pro 5700 — RDNA 1.0 architecture, Radeon Pro Mac(Navi Series) generation, 8.0GB GDDR6",https://www.techpowerup.com/gpu-specs/radeon-pro-5700.c3663,community,high,,1
AMD,AMD,foreign,Navi 12,Radeon Pro V520,GPU,both,workstation,RDNA 1.0,Navi 12,Radeon Pro Navi(Navi Series),7,TSMC,,,,8,HBM2,2048,512,1000,2304,0,0,0,2304,0,4,FP64/FP32/FP16/BF16/INT8,FP64:0.5TFLOPS;FP32:7.4TFLOPS;FP16/BF16:14.8TFLOPS,1000,1600,225,550,1x 8-pin,267,,Dual-slot,PCIe 4.0 x16,2020-12-01,已量产,1,AI训练/推理 / HPC,"AMD Radeon Pro V520 — RDNA 1.0 architecture, Radeon Pro Navi(Navi Series) generation, 8.0GB HBM2",https://www.techpowerup.com/gpu-specs/radeon-pro-v520.c3755,community,high,,1
AMD,AMD,foreign,Vega 20,Radeon Pro VII,GPU,both,workstation,GCN 5.1,Vega 20,Radeon Pro Vega(Vega II Series),7,TSMC,331,13.23,BGA-1933,16,HBM2,4096,1020,1000,3840,0,0,0,3840,16,4,FP64/FP32/FP16/BF16/INT8,FP64:6.5TFLOPS;FP32:13.1TFLOPS;FP16/BF16:26.1TFLOPS,1400,1700,250,600,1x 6-pin + 1x 8-pin,305,,Dual-slot,PCIe 4.0 x16,2020-05-13,已量产,1,AI训练/推理 / HPC,"AMD Radeon Pro VII — GCN 5.1 architecture, Radeon Pro Vega(Vega II Series) generation, 16.0GB HBM2",https://www.techpowerup.com/gpu-specs/radeon-pro-vii.c3575,community,high,,1
AMD,AMD,foreign,Navi 14,Radeon Pro W5500,GPU,both,workstation,RDNA 1.0,Navi 14,Radeon Pro Navi(Navi Series),7,TSMC,158,6.4,BGA-1125,8,GDDR6,128,224,1750,1408,0,0,0,1408,0,2,FP64/FP32/FP16/BF16/INT8,FP64:0.3TFLOPS;FP32:5.2TFLOPS;FP16/BF16:10.4TFLOPS,1744,1855,125,300,1x 6-pin,241,,Single-slot,PCIe 4.0 x8,2020-02-10,已量产,1,AI训练/推理 / HPC,"AMD Radeon Pro W5500 — RDNA 1.0 architecture, Radeon Pro Navi(Navi Series) generation, 8.0GB GDDR6",https://www.techpowerup.com/gpu-specs/radeon-pro-w5500.c3479,community,high,,1
AMD,AMD,foreign,Navi 14,Radeon Pro W5500M,GPU,both,workstation,RDNA 1.0,Navi 14,Radeon Pro Mobile(W5x00M),7,TSMC,158,6.4,BGA-1125,4,GDDR6,128,224,1750,1408,0,0,0,1408,0,2,FP64/FP32/FP16/BF16/INT8,FP64:0.3TFLOPS;FP32:4.6TFLOPS;FP16/BF16:9.3TFLOPS,1448,1645,85,,None,,,,PCIe 4.0 x8,2020-02-10,已量产,1,AI训练/推理 / HPC,"AMD Radeon Pro W5500M — RDNA 1.0 architecture, Radeon Pro Mobile(W5x00M) generation, 4.0GB GDDR6",https://www.techpowerup.com/gpu-specs/radeon-pro-w5500m.c3478,community,high,,1
AMD,AMD,foreign,Lockhart,Xbox Series S GPU,GPU,both,workstation,RDNA 2.0,Lockhart,Console GPU(Microsoft),7,TSMC,197,8,BGA-1303,8,GDDR6,128,224,1750,1280,0,0,0,1280,0,2,FP64/FP32/FP16/BF16/INT8,FP64:0.3TFLOPS;FP32:4.0TFLOPS;FP16/BF16:8.0TFLOPS,1565,1565,100,,,274,64,,,2020-11-10,已量产,1,AI训练/推理 / HPC,"AMD Xbox Series S GPU — RDNA 2.0 architecture, Console GPU(Microsoft) generation, 8.0GB GDDR6",https://www.techpowerup.com/gpu-specs/xbox-series-s-gpu.c3683,community,high,,1
AMD,AMD,foreign,Scarlett,Xbox Series X GPU,GPU,both,workstation,RDNA 2.0,Scarlett,Console GPU(Microsoft),7,TSMC,360,15.3,BGA-2693,10,GDDR6,320,560,1750,3328,0,0,0,3328,0,5,FP64/FP32/FP16/BF16/INT8,FP64:0.8TFLOPS;FP32:12.2TFLOPS;FP16/BF16:24.3TFLOPS,1825,1825,200,,,301,151,,,2020-11-10,已量产,1,AI训练/推理 / HPC,"AMD Xbox Series X GPU — RDNA 2.0 architecture, Console GPU(Microsoft) generation, 10.0GB GDDR6",https://www.techpowerup.com/gpu-specs/xbox-series-x-gpu.c3482,community,high,,1
Intel,Intel,foreign,DG1,H3C XG310,GPU,both,workstation,Generation 12.1,DG1,H3C Graphics,10,Intel,95,,,8,LPDDR4X,128,68.26,2133,768,0,0,0,768,0,1,FP64/FP32/FP16/BF16/INT8,FP64:0.4TFLOPS;FP32:1.7TFLOPS;FP16/BF16:3.4TFLOPS,1050,1100,300,700,1x 8-pin,,,Single-slot,PCIe 3.0 x16,2020-11-11,已量产,1,AI训练/推理 / HPC,"Intel H3C XG310 — Generation 12.1 architecture, H3C Graphics generation, 8.0GB LPDDR4X",https://www.techpowerup.com/gpu-specs/h3c-xg310.c3745,community,high,,1
Intel,Intel,foreign,DG1,Iris Xe MAX Graphics,GPU,both,workstation,Generation 12.1,DG1,Xe Graphics,10,Intel,95,,,4,LPDDR4X,128,68.26,2133,768,0,0,0,768,0,1,FP64/FP32/FP16/BF16/INT8,FP64:0.6TFLOPS;FP32:2.5TFLOPS;FP16/BF16:5.1TFLOPS,300,1650,25,200,,,,IGP,PCIe 4.0 x8,2020-10-31,已量产,1,AI训练/推理 / HPC,"Intel Iris Xe MAX Graphics — Generation 12.1 architecture, Xe Graphics generation, 4.0GB LPDDR4X",https://www.techpowerup.com/gpu-specs/iris-xe-max-graphics.c3737,community,high,,1
Intel,Intel,foreign,DG1,Xe DG1,GPU,both,workstation,Generation 12.1,DG1,Xe Graphics,10,Intel,95,,,4,LPDDR4X,128,68.26,2133,640,0,0,0,640,0,1,FP64/FP32/FP16/BF16/INT8,FP64:0.5TFLOPS;FP32:2.0TFLOPS;FP16/BF16:4.0TFLOPS,900,1550,30,200,None,164,22,Dual-slot,PCIe 4.0 x8,2020-01-01,已量产,1,AI训练/推理 / HPC,"Intel Xe DG1 — Generation 12.1 architecture, Xe Graphics generation, 4.0GB LPDDR4X",https://www.techpowerup.com/gpu-specs/xe-dg1.c3718,community,high,,1
NVIDIA,NVIDIA,foreign,GA102,A10 PCIe,GPU,both,datacenter,Ampere,GA102,Server Ampere(Axx),8,Samsung,628,28.3,BGA-3328,24,GDDR6,384,600.2,1563,9216,288,72,72,9216,128,6,FP64/FP32/FP16/BF16/INT8,FP64:1.0TFLOPS;FP32:31.2TFLOPS;FP16/BF16:31.2TFLOPS,885,1695,150,450,1x 8-pin,267,,Single-slot,PCIe 4.0 x16,2021-04-12,已量产,1,AI训练/推理 / HPC,"NVIDIA A10 PCIe — Ampere architecture, Server Ampere(Axx) generation, 24.0GB GDDR6",https://www.techpowerup.com/gpu-specs/a10-pcie.c3793,community,high,,1
NVIDIA,NVIDIA,foreign,GA100,A100 PCIe 80 GB,GPU,both,datacenter,Ampere,GA100,Server Ampere(Axx),7,TSMC,826,54.2,BGA-2743,80,HBM2e,5120,1940,1512,6912,432,0,108,6912,192,80,FP64/FP32/FP16/BF16/INT8,FP64:9.7TFLOPS;FP32:19.5TFLOPS;FP16/BF16:78.0TFLOPS,1065,1410,300,700,8-pin EPS,267,,Dual-slot,PCIe 4.0 x16,2021-06-28,已量产,1,AI训练/推理 / HPC,"NVIDIA A100 PCIe 80 GB — Ampere architecture, Server Ampere(Axx) generation, 80.0GB HBM2e",https://www.techpowerup.com/gpu-specs/a100-pcie-80-gb.c3821,community,high,,1
NVIDIA,NVIDIA,foreign,GA100,A100X,GPU,both,datacenter,Ampere,GA100,Server Ampere(Axx),7,TSMC,826,54.2,BGA-2743,80,HBM2e,5120,2040,1593,6912,432,0,108,6912,192,80,FP64/FP32/FP16/BF16/INT8,FP64:10.0TFLOPS;FP32:19.9TFLOPS;FP16/BF16:79.6TFLOPS,795,1440,300,700,1x 16-pin,267,,Dual-slot,PCIe 4.0 x8,2021-06-28,已量产,1,AI训练/推理 / HPC,"NVIDIA A100X — Ampere architecture, Server Ampere(Axx) generation, 80.0GB HBM2e",https://www.techpowerup.com/gpu-specs/a100x.c3958,community,high,63,0
NVIDIA,NVIDIA,foreign,GA102,A10G,GPU,both,datacenter,Ampere,GA102,Server Ampere(Axx),8,Samsung,628,28.3,BGA-3328,24,GDDR6,384,600.2,1563,9216,288,72,72,9216,128,6,FP64/FP32/FP16/BF16/INT8,FP64:1.0TFLOPS;FP32:31.5TFLOPS;FP16/BF16:31.5TFLOPS,1320,1710,150,450,8-pin EPS,267,,Single-slot,PCIe 4.0 x16,2021-04-12,已量产,1,AI训练/推理 / HPC,"NVIDIA A10G — Ampere architecture, Server Ampere(Axx) generation, 24.0GB GDDR6",https://www.techpowerup.com/gpu-specs/a10g.c3798,community,high,,1
NVIDIA,NVIDIA,foreign,GA107,A16 PCIe,GPU,both,workstation,Ampere,GA107,Server Ampere(Axx),8,Samsung,200,8.7,FCBGA-1358,16,GDDR6,128,200.1,1563,1280,40,10,10,1280,128,2,FP64/FP32/FP16/BF16/INT8,FP64:0.1TFLOPS;FP32:4.5TFLOPS;FP16/BF16:4.5TFLOPS,1312,1755,250,600,8-pin EPS,267,,Dual-slot,PCIe 4.0 x8,2021-04-12,已量产,1,AI训练/推理 / HPC,"NVIDIA A16 PCIe — Ampere architecture, Server Ampere(Axx) generation, 16.0GB GDDR6",https://www.techpowerup.com/gpu-specs/a16-pcie.c3794,community,high,,1
NVIDIA,NVIDIA,foreign,GA107,A2,GPU,both,workstation,Ampere,GA107,Workstation Ampere(Ax000),8,Samsung,200,8.7,FCBGA-1358,16,GDDR6,128,200.1,1563,1280,40,10,10,1280,128,2,FP64/FP32/FP16/BF16/INT8,FP64:0.1TFLOPS;FP32:4.5TFLOPS;FP16/BF16:4.5TFLOPS,1440,1770,60,250,None,,,Single-slot,PCIe 4.0 x8,2021-11-10,已量产,1,AI训练/推理 / HPC,"NVIDIA A2 — Ampere architecture, Workstation Ampere(Ax000) generation, 16.0GB GDDR6",https://www.techpowerup.com/gpu-specs/a2.c3848,community,high,,1
NVIDIA,NVIDIA,foreign,GA107,A2 PCIe,GPU,both,workstation,Ampere,GA107,Server Ampere(Axx),8,Samsung,200,8.7,FCBGA-1358,16,GDDR6,128,200.1,1563,1280,40,10,10,1280,128,2,FP64/FP32/FP16/BF16/INT8,FP64:0.1TFLOPS;FP32:4.5TFLOPS;FP16/BF16:4.5TFLOPS,1440,1770,60,250,None,168,,Single-slot,PCIe 4.0 x8,2021-11-10,已量产,1,AI训练/推理 / HPC,"NVIDIA A2 PCIe — Ampere architecture, Server Ampere(Axx) generation, 16.0GB GDDR6",https://www.techpowerup.com/gpu-specs/a2-pcie.c4112,community,high,,1
NVIDIA,NVIDIA,foreign,GA100,A30 PCIe,GPU,both,datacenter,Ampere,GA100,Server Ampere(Axx),7,TSMC,826,54.2,BGA-2743,24,HBM2e,3072,933.1,1215,3584,224,0,56,3584,192,24,FP64/FP32/FP16/BF16/INT8,FP64:5.2TFLOPS;FP32:10.3TFLOPS;FP16/BF16:10.3TFLOPS,930,1440,165,450,8-pin EPS,267,,Dual-slot,PCIe 4.0 x16,2021-04-12,已量产,1,AI训练/推理 / HPC,"NVIDIA A30 PCIe — Ampere architecture, Server Ampere(Axx) generation, 24.0GB HBM2e",https://www.techpowerup.com/gpu-specs/a30-pcie.c3792,community,high,,1
NVIDIA,NVIDIA,foreign,GA100,A30X,GPU,both,datacenter,Ampere,GA100,Server Ampere(Axx),7,TSMC,826,54.2,BGA-2743,24,HBM2e,3072,1220,1593,3584,224,0,56,3584,192,24,FP64/FP32/FP16/BF16/INT8,FP64:5.2TFLOPS;FP32:10.3TFLOPS;FP16/BF16:10.3TFLOPS,1035,1440,230,550,1x 16-pin,267,,Dual-slot,PCIe 4.0 x8,2021-04-12,已量产,1,AI训练/推理 / HPC,"NVIDIA A30X — Ampere architecture, Server Ampere(Axx) generation, 24.0GB HBM2e",https://www.techpowerup.com/gpu-specs/a30x.c3968,community,high,,1
NVIDIA,NVIDIA,foreign,GA100,CMP 170HX 10 GB,GPU,both,workstation,Ampere,GA100,Mining GPUs,7,TSMC,826,54.2,BGA-2743,10,HBM2e,5120,1560,1215,4480,280,0,70,4480,192,10,FP64/FP32/FP16/BF16/INT8,FP64:6.3TFLOPS;FP32:12.6TFLOPS;FP16/BF16:50.5TFLOPS,1140,1410,250,600,2x 8-pin,,,IGP,PCIe 1.0 x4,2021-09-01,已量产,1,AI训练/推理 / HPC,"NVIDIA CMP 170HX 10 GB — Ampere architecture, Mining GPUs generation, 10.0GB HBM2e",https://www.techpowerup.com/gpu-specs/cmp-170hx-10-gb.c3957,community,high,,1
NVIDIA,NVIDIA,foreign,GA100,CMP 170HX 8 GB,GPU,both,workstation,Ampere,GA100,Mining GPUs,7,TSMC,826,54.2,BGA-2743,8,HBM2e,4096,1490,1458,4480,280,0,70,4480,192,8,FP64/FP32/FP16/BF16/INT8,FP64:6.3TFLOPS;FP32:12.6TFLOPS;FP16/BF16:50.5TFLOPS,1140,1410,250,600,2x 8-pin,,,IGP,PCIe 1.0 x4,2021-09-01,已量产,1,AI训练/推理 / HPC,"NVIDIA CMP 170HX 8 GB — Ampere architecture, Mining GPUs generation, 8.0GB HBM2e",https://www.techpowerup.com/gpu-specs/cmp-170hx-8-gb.c3830,community,high,,1
NVIDIA,NVIDIA,foreign,TU116,CMP 30HX,GPU,both,workstation,Turing,TU116,Mining GPUs,12,TSMC,284,6.6,BGA-2228,6,GDDR6,192,336,1750,1408,0,0,22,1408,64,1.5,FP64/FP32/FP16/BF16/INT8,FP64:0.2TFLOPS;FP32:5.0TFLOPS;FP16/BF16:10.1TFLOPS,1530,1785,125,300,1x 8-pin,229,35,Dual-slot,PCIe 1.0 x4,2021-02-25,已量产,1,AI训练/推理 / HPC,"NVIDIA CMP 30HX — Turing architecture, Mining GPUs generation, 6.0GB GDDR6",https://www.techpowerup.com/gpu-specs/cmp-30hx.c3780,community,high,,1
NVIDIA,NVIDIA,foreign,TU106,CMP 40HX,GPU,both,workstation,Turing,TU106,Mining GPUs,12,TSMC,445,10.8,BGA-2228,8,GDDR6,256,448,1750,2304,288,36,36,2304,64,4,FP64/FP32/FP16/BF16/INT8,FP64:0.2TFLOPS;FP32:7.6TFLOPS;FP16/BF16:15.2TFLOPS,1470,1650,185,450,1x 8-pin,229,35,Dual-slot,PCIe 1.0 x4,2021-02-25,已量产,1,AI训练/推理 / HPC,"NVIDIA CMP 40HX — Turing architecture, Mining GPUs generation, 8.0GB GDDR6",https://www.techpowerup.com/gpu-specs/cmp-40hx.c3781,community,high,,1
NVIDIA,NVIDIA,foreign,TU102,CMP 50HX,GPU,both,workstation,Turing,TU102,Mining GPUs,12,TSMC,754,18.6,,10,GDDR6,320,560,1750,3584,448,56,56,3584,64,5,FP64/FP32/FP16/BF16/INT8,FP64:0.3TFLOPS;FP32:11.1TFLOPS;FP16/BF16:22.1TFLOPS,1350,1545,250,600,2x 8-pin,267,35,Dual-slot,PCIe 1.0 x4,2021-06-24,已量产,1,AI训练/推理 / HPC,"NVIDIA CMP 50HX — Turing architecture, Mining GPUs generation, 10.0GB GDDR6",https://www.techpowerup.com/gpu-specs/cmp-50hx.c3782,community,high,,1
NVIDIA,NVIDIA,foreign,GA104,CMP 70HX,GPU,both,workstation,Ampere,GA104,Mining GPUs,8,Samsung,392,17.4,BGA-2713,8,GDDR6X,256,608.3,1188,3840,120,30,30,3840,128,4,FP64/FP32/FP16/BF16/INT8,FP64:0.2TFLOPS;FP32:10.7TFLOPS;FP16/BF16:10.7TFLOPS,1365,1395,,200,1x 12-pin,267,,Dual-slot,PCIe 1.0 x4,2021-01-01,已量产,1,AI训练/推理 / HPC,"NVIDIA CMP 70HX — Ampere architecture, Mining GPUs generation, 8.0GB GDDR6X",https://www.techpowerup.com/gpu-specs/cmp-70hx.c3822,community,high,,1
NVIDIA,NVIDIA,foreign,GA102,CMP 90HX,GPU,both,workstation,Ampere,GA102,Mining GPUs,8,Samsung,628,28.3,BGA-3328,10,GDDR6X,320,760.3,1188,6400,200,50,50,6400,128,5,FP64/FP32/FP16/BF16/INT8,FP64:0.3TFLOPS;FP32:21.9TFLOPS;FP16/BF16:21.9TFLOPS,1500,1710,320,700,2x 8-pin,285,,Dual-slot,PCIe 1.0 x4,2021-07-28,已量产,1,AI训练/推理 / HPC,"NVIDIA CMP 90HX — Ampere architecture, Mining GPUs generation, 10.0GB GDDR6X",https://www.techpowerup.com/gpu-specs/cmp-90hx.c3783,community,high,,1
NVIDIA,NVIDIA,foreign,GA100,PG506-207,GPU,both,datacenter,Ampere,GA100,Server Ampere(Axx),7,TSMC,826,54.2,BGA-2743,24,HBM2,3072,933.1,1215,3584,224,0,56,3584,192,24,FP64/FP32/FP16/BF16/INT8,FP64:5.2TFLOPS;FP32:10.3TFLOPS;FP16/BF16:10.3TFLOPS,930,1440,165,450,8-pin EPS,267,,Dual-slot,PCIe 4.0 x16,2021-04-12,已量产,1,AI训练/推理 / HPC,"NVIDIA PG506-207 — Ampere architecture, Server Ampere(Axx) generation, 24.0GB HBM2",https://www.techpowerup.com/gpu-specs/pg506-207.c3962,community,high,,1
NVIDIA,NVIDIA,foreign,GA100,PG506-217,GPU,both,datacenter,Ampere,GA100,Server Ampere(Axx),7,TSMC,826,54.2,BGA-2743,24,HBM2,3072,933.1,1215,3584,224,0,56,3584,192,24,FP64/FP32/FP16/BF16/INT8,FP64:5.2TFLOPS;FP32:10.3TFLOPS;FP16/BF16:10.3TFLOPS,930,1440,165,450,8-pin EPS,267,,Dual-slot,PCIe 4.0 x16,2021-04-12,已量产,1,AI训练/推理 / HPC,"NVIDIA PG506-217 — Ampere architecture, Server Ampere(Axx) generation, 24.0GB HBM2",https://www.techpowerup.com/gpu-specs/pg506-217.c3963,community,high,,1
NVIDIA,NVIDIA,foreign,GA100,PG506-232,GPU,both,datacenter,Ampere,GA100,Server Ampere(Axx),7,TSMC,826,54.2,BGA-2743,24,HBM2,3072,933.1,1215,3584,224,0,56,3584,192,24,FP64/FP32/FP16/BF16/INT8,FP64:5.2TFLOPS;FP32:10.3TFLOPS;FP16/BF16:10.3TFLOPS,930,1440,165,450,8-pin EPS,267,,Dual-slot,PCIe 4.0 x16,2021-04-12,已量产,1,AI训练/推理 / HPC,"NVIDIA PG506-232 — Ampere architecture, Server Ampere(Axx) generation, 24.0GB HBM2",https://www.techpowerup.com/gpu-specs/pg506-232.c3799,community,high,,1
NVIDIA,NVIDIA,foreign,GA100,PG506-242,GPU,both,datacenter,Ampere,GA100,Server Ampere(Axx),7,TSMC,826,54.2,BGA-2743,24,HBM2,3072,933.1,1215,3584,224,0,56,3584,192,24,FP64/FP32/FP16/BF16/INT8,FP64:5.2TFLOPS;FP32:10.3TFLOPS;FP16/BF16:10.3TFLOPS,930,1440,165,450,8-pin EPS,267,,Dual-slot,PCIe 4.0 x16,2021-04-12,已量产,1,AI训练/推理 / HPC,"NVIDIA PG506-242 — Ampere architecture, Server Ampere(Axx) generation, 24.0GB HBM2",https://www.techpowerup.com/gpu-specs/pg506-242.c3823,community,high,,1
NVIDIA,NVIDIA,foreign,TU117,Quadro T1200 Max-Q,GPU,both,workstation,Turing,TU117,Quadro Turing-M(Tx000),12,TSMC,200,4.7,BGA-960,4,GDDR6,128,160,1250,1024,0,0,16,1024,64,1,FP64/FP32/FP16/BF16/INT8,FP64:0.1TFLOPS;FP32:2.9TFLOPS;FP16/BF16:5.8TFLOPS,855,1425,18,,None,,,IGP,PCIe 3.0 x16,2021-04-12,已量产,1,AI训练/推理 / HPC,"NVIDIA Quadro T1200 Max-Q — Turing architecture, Quadro Turing-M(Tx000) generation, 4.0GB GDDR6",https://www.techpowerup.com/gpu-specs/quadro-t1200-max-q.c4006,community,high,,1
NVIDIA,NVIDIA,foreign,TU117,Quadro T1200 Mobile,GPU,both,workstation,Turing,TU117,Quadro Turing-M(Tx000),12,TSMC,200,4.7,BGA-960,4,GDDR6,128,192,1500,1024,0,0,16,1024,64,1,FP64/FP32/FP16/BF16/INT8,FP64:0.1TFLOPS;FP32:3.7TFLOPS;FP16/BF16:7.3TFLOPS,1515,1785,18,,None,,,IGP,PCIe 3.0 x16,2021-04-12,已量产,1,AI训练/推理 / HPC,"NVIDIA Quadro T1200 Mobile — Turing architecture, Quadro Turing-M(Tx000) generation, 4.0GB GDDR6",https://www.techpowerup.com/gpu-specs/quadro-t1200-mobile.c3803,community,high,,1
NVIDIA,NVIDIA,foreign,GA106,RTX A2000,GPU,both,workstation,Ampere,GA106,Workstation Ampere(Ax000),8,Samsung,276,12,BGA-2713,6,GDDR6,192,288,1500,3328,104,26,26,3328,128,3,FP64/FP32/FP16/BF16/INT8,FP64:0.1TFLOPS;FP32:8.0TFLOPS;FP16/BF16:8.0TFLOPS,562,1200,70,250,None,167,,Dual-slot,PCIe 4.0 x16,2021-08-10,已量产,1,AI训练/推理 / HPC,"NVIDIA RTX A2000 — Ampere architecture, Workstation Ampere(Ax000) generation, 6.0GB GDDR6",https://www.techpowerup.com/gpu-specs/rtx-a2000.c3820,community,high,,1
NVIDIA,NVIDIA,foreign,GA106,RTX A2000 12 GB,GPU,both,workstation,Ampere,GA106,Workstation Ampere(Ax000),8,Samsung,276,12,BGA-2713,12,GDDR6,192,288,1500,3328,104,26,26,3328,128,3,FP64/FP32/FP16/BF16/INT8,FP64:0.1TFLOPS;FP32:8.0TFLOPS;FP16/BF16:8.0TFLOPS,562,1200,70,250,None,167,,Dual-slot,PCIe 4.0 x16,2021-11-23,已量产,1,AI训练/推理 / HPC,"NVIDIA RTX A2000 12 GB — Ampere architecture, Workstation Ampere(Ax000) generation, 12.0GB GDDR6",https://www.techpowerup.com/gpu-specs/rtx-a2000-12-gb.c3853,community,high,,1
NVIDIA,NVIDIA,foreign,GA107,RTX A2000 Max-Q,GPU,both,workstation,Ampere,GA107,Ampere-MW(Ax000),8,Samsung,200,8.7,FCBGA-1358,4,GDDR6,128,176,1375,2560,80,20,20,2560,128,2,FP64/FP32/FP16/BF16/INT8,FP64:0.1TFLOPS;FP32:6.2TFLOPS;FP16/BF16:6.2TFLOPS,682,1207,95,,None,,,IGP,PCIe 4.0 x16,2021-04-12,已量产,1,AI训练/推理 / HPC,"NVIDIA RTX A2000 Max-Q — Ampere architecture, Ampere-MW(Ax000) generation, 4.0GB GDDR6",https://www.techpowerup.com/gpu-specs/rtx-a2000-max-q.c4007,community,high,,1
NVIDIA,NVIDIA,foreign,GA107,RTX A2000 Max-Q 8 GB,GPU,both,workstation,Ampere,GA107,Ampere-MW(Ax000),8,Samsung,200,8.7,FCBGA-1358,8,GDDR6,128,176,1375,2560,80,20,20,2560,128,2,FP64/FP32/FP16/BF16/INT8,FP64:0.1TFLOPS;FP32:6.0TFLOPS;FP16/BF16:6.0TFLOPS,607,1177,95,,None,,,IGP,PCIe 4.0 x16,2021-04-12,已量产,1,AI训练/推理 / HPC,"NVIDIA RTX A2000 Max-Q 8 GB — Ampere architecture, Ampere-MW(Ax000) generation, 8.0GB GDDR6",https://www.techpowerup.com/gpu-specs/rtx-a2000-max-q-8-gb.c4288,community,high,,1
NVIDIA,NVIDIA,foreign,GA107,RTX A2000 Mobile,GPU,both,workstation,Ampere,GA107,Ampere-MW(Ax000),8,Samsung,200,8.7,FCBGA-1358,4,GDDR6,128,192,1500,2560,80,20,20,2560,128,2,FP64/FP32/FP16/BF16/INT8,FP64:0.1TFLOPS;FP32:8.6TFLOPS;FP16/BF16:8.6TFLOPS,1215,1687,95,,None,,,IGP,PCIe 4.0 x16,2021-04-12,已量产,1,AI训练/推理 / HPC,"NVIDIA RTX A2000 Mobile — Ampere architecture, Ampere-MW(Ax000) generation, 4.0GB GDDR6",https://www.techpowerup.com/gpu-specs/rtx-a2000-mobile.c3827,community,high,,1
NVIDIA,NVIDIA,foreign,GA107,RTX A2000 Mobile 8 GB,GPU,both,workstation,Ampere,GA107,Ampere-MW(Ax000),8,Samsung,200,8.7,FCBGA-1358,8,GDDR6,128,224,1750,2560,80,20,20,2560,128,2,FP64/FP32/FP16/BF16/INT8,FP64:0.1TFLOPS;FP32:8.3TFLOPS;FP16/BF16:8.3TFLOPS,1117,1612,95,,None,,,IGP,PCIe 4.0 x16,2021-04-12,已量产,1,AI训练/推理 / HPC,"NVIDIA RTX A2000 Mobile 8 GB — Ampere architecture, Ampere-MW(Ax000) generation, 8.0GB GDDR6",https://www.techpowerup.com/gpu-specs/rtx-a2000-mobile-8-gb.c4287,community,high,,1
NVIDIA,NVIDIA,foreign,GA104,RTX A3000 Mobile,GPU,both,workstation,Ampere,GA104,Ampere-MW(Ax000),8,Samsung,392,17.4,BGA-2713,6,GDDR6,192,264,1375,4096,128,32,32,4096,128,4,FP64/FP32/FP16/BF16/INT8,FP64:0.2TFLOPS;FP32:10.1TFLOPS;FP16/BF16:10.1TFLOPS,600,1230,70,,None,,,,PCIe 4.0 x16,2021-04-12,已量产,1,AI训练/推理 / HPC,"NVIDIA RTX A3000 Mobile — Ampere architecture, Ampere-MW(Ax000) generation, 6.0GB GDDR6",https://www.techpowerup.com/gpu-specs/rtx-a3000-mobile.c3806,community,high,,1
NVIDIA,NVIDIA,foreign,GA104,RTX A3000 Mobile 12 GB,GPU,both,workstation,Ampere,GA104,Ampere-MW(Ax000),8,Samsung,392,17.4,BGA-2713,12,GDDR6,192,336,1750,4096,128,32,32,4096,128,4,FP64/FP32/FP16/BF16/INT8,FP64:0.1TFLOPS;FP32:9.6TFLOPS;FP16/BF16:9.6TFLOPS,495,1170,70,,None,,,,PCIe 4.0 x16,2021-04-12,已量产,1,AI训练/推理 / HPC,"NVIDIA RTX A3000 Mobile 12 GB — Ampere architecture, Ampere-MW(Ax000) generation, 12.0GB GDDR6",https://www.techpowerup.com/gpu-specs/rtx-a3000-mobile-12-gb.c3904,community,high,,1
NVIDIA,NVIDIA,foreign,GA107,RTX A4 Mobile,GPU,both,workstation,Ampere,GA107,Ampere-MW(Ax000),8,Samsung,200,8.7,FCBGA-1358,4,GDDR6,128,224,1750,2048,64,16,16,2048,128,2,FP64/FP32/FP16/BF16/INT8,FP64:0.1TFLOPS;FP32:7.2TFLOPS;FP16/BF16:7.2TFLOPS,1297,1770,,,None,,,IGP,PCIe 4.0 x8,2021-04-12,已量产,1,AI训练/推理 / HPC,"NVIDIA RTX A4 Mobile — Ampere architecture, Ampere-MW(Ax000) generation, 4.0GB GDDR6",https://www.techpowerup.com/gpu-specs/rtx-a4-mobile.c3789,community,high,,1
NVIDIA,NVIDIA,foreign,GA104,RTX A4000,GPU,both,workstation,Ampere,GA104,Workstation Ampere(Ax000),8,Samsung,392,17.4,BGA-2713,16,GDDR6,256,448,1750,6144,192,48,48,6144,128,4,FP64/FP32/FP16/BF16/INT8,FP64:0.3TFLOPS;FP32:19.2TFLOPS;FP16/BF16:19.2TFLOPS,735,1560,140,300,1x 6-pin,241,,Single-slot,PCIe 4.0 x16,2021-04-12,已量产,1,AI训练/推理 / HPC,"NVIDIA RTX A4000 — Ampere architecture, Workstation Ampere(Ax000) generation, 16.0GB GDDR6",https://www.techpowerup.com/gpu-specs/rtx-a4000.c3756,community,high,,1
NVIDIA,NVIDIA,foreign,GA104,RTX A4000 Max-Q,GPU,both,workstation,Ampere,GA104,Ampere-MW(Ax000),8,Samsung,392,17.4,BGA-2713,8,GDDR6,256,352,1375,5120,160,40,40,5120,128,4,FP64/FP32/FP16/BF16/INT8,FP64:0.2TFLOPS;FP32:14.3TFLOPS;FP16/BF16:14.3TFLOPS,780,1395,80,,None,,,,PCIe 4.0 x16,2021-04-12,已量产,1,AI训练/推理 / HPC,"NVIDIA RTX A4000 Max-Q — Ampere architecture, Ampere-MW(Ax000) generation, 8.0GB GDDR6",https://www.techpowerup.com/gpu-specs/rtx-a4000-max-q.c4008,community,high,,1
NVIDIA,NVIDIA,foreign,GA104,RTX A4000 Mobile,GPU,both,workstation,Ampere,GA104,Ampere-MW(Ax000),8,Samsung,392,17.4,BGA-2713,8,GDDR6,256,384,1500,5120,160,40,40,5120,128,4,FP64/FP32/FP16/BF16/INT8,FP64:0.3TFLOPS;FP32:17.2TFLOPS;FP16/BF16:17.2TFLOPS,1140,1680,115,,None,,,,PCIe 4.0 x16,2021-04-12,已量产,1,AI训练/推理 / HPC,"NVIDIA RTX A4000 Mobile — Ampere architecture, Ampere-MW(Ax000) generation, 8.0GB GDDR6",https://www.techpowerup.com/gpu-specs/rtx-a4000-mobile.c3804,community,high,,1
NVIDIA,NVIDIA,foreign,GA104,RTX A4000H,GPU,both,workstation,Ampere,GA104,Workstation Ampere(Ax000),8,Samsung,392,17.4,BGA-2713,16,GDDR6,256,448,1750,6144,192,48,48,6144,128,4,FP64/FP32/FP16/BF16/INT8,FP64:0.3TFLOPS;FP32:19.2TFLOPS;FP16/BF16:19.2TFLOPS,735,1560,140,300,1x 6-pin,241,,Single-slot,PCIe 4.0 x16,2021-04-12,已量产,1,AI训练/推理 / HPC,"NVIDIA RTX A4000H — Ampere architecture, Workstation Ampere(Ax000) generation, 16.0GB GDDR6",https://www.techpowerup.com/gpu-specs/rtx-a4000h.c3969,community,high,,1
NVIDIA,NVIDIA,foreign,GA102,RTX A4500,GPU,both,workstation,Ampere,GA102,Workstation Ampere(Ax000),8,Samsung,628,28.3,BGA-3328,20,GDDR6,320,640,2000,7168,224,56,56,7168,128,6,FP64/FP32/FP16/BF16/INT8,FP64:0.4TFLOPS;FP32:23.6TFLOPS;FP16/BF16:23.6TFLOPS,1050,1650,200,550,1x 8-pin,267,,Dual-slot,PCIe 4.0 x16,2021-11-23,已量产,1,AI训练/推理 / HPC,"NVIDIA RTX A4500 — Ampere architecture, Workstation Ampere(Ax000) generation, 20.0GB GDDR6",https://www.techpowerup.com/gpu-specs/rtx-a4500.c3849,community,high,,1
NVIDIA,NVIDIA,foreign,GA107,RTX A500,GPU,both,workstation,Ampere,GA107,Workstation Ampere(Ax000),8,Samsung,200,8.7,FCBGA-1358,4,GDDR6,64,112,1750,2048,64,16,16,2048,128,2,FP64/FP32/FP16/BF16/INT8,FP64:0.1TFLOPS;FP32:7.2TFLOPS;FP16/BF16:7.2TFLOPS,1440,1770,60,250,None,,,Single-slot,PCIe 4.0 x8,2021-11-10,已量产,1,AI训练/推理 / HPC,"NVIDIA RTX A500 — Ampere architecture, Workstation Ampere(Ax000) generation, 4.0GB GDDR6",https://www.techpowerup.com/gpu-specs/rtx-a500.c3989,community,high,,1
NVIDIA,NVIDIA,foreign,GA102,RTX A5000,GPU,both,datacenter,Ampere,GA102,Workstation Ampere(Ax000),8,Samsung,628,28.3,BGA-3328,24,GDDR6,384,768,2000,8192,256,64,64,8192,128,6,FP64/FP32/FP16/BF16/INT8,FP64:0.4TFLOPS;FP32:27.8TFLOPS;FP16/BF16:27.8TFLOPS,1170,1695,230,550,1x 8-pin,267,,Dual-slot,PCIe 4.0 x16,2021-04-12,已量产,1,AI训练/推理 / HPC,"NVIDIA RTX A5000 — Ampere architecture, Workstation Ampere(Ax000) generation, 24.0GB GDDR6",https://www.techpowerup.com/gpu-specs/rtx-a5000.c3748,community,high,,1
NVIDIA,NVIDIA,foreign,GA104,RTX A5000 Max-Q,GPU,both,workstation,Ampere,GA104,Ampere-MW(Ax000),8,Samsung,392,17.4,BGA-2713,16,GDDR6,256,384,1500,6144,192,48,48,6144,128,4,FP64/FP32/FP16/BF16/INT8,FP64:0.3TFLOPS;FP32:16.6TFLOPS;FP16/BF16:16.6TFLOPS,720,1350,80,,None,,,,PCIe 4.0 x16,2021-04-12,已量产,1,AI训练/推理 / HPC,"NVIDIA RTX A5000 Max-Q — Ampere architecture, Ampere-MW(Ax000) generation, 16.0GB GDDR6",https://www.techpowerup.com/gpu-specs/rtx-a5000-max-q.c4010,community,high,,1
NVIDIA,NVIDIA,foreign,GA104,RTX A5000 Mobile,GPU,both,workstation,Ampere,GA104,Ampere-MW(Ax000),8,Samsung,392,17.4,BGA-2713,16,GDDR6,256,448,1750,6144,192,48,48,6144,128,4,FP64/FP32/FP16/BF16/INT8,FP64:0.3TFLOPS;FP32:19.4TFLOPS;FP16/BF16:19.4TFLOPS,900,1575,150,,None,,,,PCIe 4.0 x16,2021-04-12,已量产,1,AI训练/推理 / HPC,"NVIDIA RTX A5000 Mobile — Ampere architecture, Ampere-MW(Ax000) generation, 16.0GB GDDR6",https://www.techpowerup.com/gpu-specs/rtx-a5000-mobile.c3805,community,high,,1
NVIDIA,NVIDIA,foreign,GA102,RTX A5000-12Q,GPU,both,workstation,Ampere,GA102,Workstation Ampere(Ax000),8,Samsung,628,28.3,BGA-3328,12,GDDR6,384,768,2000,8192,256,64,64,8192,128,6,FP64/FP32/FP16/BF16/INT8,FP64:0.4TFLOPS;FP32:27.8TFLOPS;FP16/BF16:27.8TFLOPS,1170,1695,230,550,1x 8-pin,267,,Dual-slot,PCIe 4.0 x16,2021-04-12,已量产,1,AI训练/推理 / HPC,"NVIDIA RTX A5000-12Q — Ampere architecture, Workstation Ampere(Ax000) generation, 12.0GB GDDR6",https://www.techpowerup.com/gpu-specs/rtx-a5000-12q.c3991,community,high,,1
NVIDIA,NVIDIA,foreign,GA102,RTX A5000-8Q,GPU,both,workstation,Ampere,GA102,Workstation Ampere(Ax000),8,Samsung,628,28.3,BGA-3328,8,GDDR6,384,768,2000,8192,256,64,64,8192,128,6,FP64/FP32/FP16/BF16/INT8,FP64:0.4TFLOPS;FP32:27.8TFLOPS;FP16/BF16:27.8TFLOPS,1170,1695,230,550,1x 8-pin,267,,Dual-slot,PCIe 4.0 x16,2021-04-12,已量产,1,AI训练/推理 / HPC,"NVIDIA RTX A5000-8Q — Ampere architecture, Workstation Ampere(Ax000) generation, 8.0GB GDDR6",https://www.techpowerup.com/gpu-specs/rtx-a5000-8q.c3990,community,high,,1
NVIDIA,NVIDIA,foreign,TU117,T1000,GPU,both,workstation,Turing,TU117,Quadro Turing(Tx000),12,TSMC,200,4.7,BGA-960,4,GDDR6,128,160,1250,896,0,0,14,896,64,1,FP64/FP32/FP16/BF16/INT8,FP64:0.1TFLOPS;FP32:2.5TFLOPS;FP16/BF16:5.0TFLOPS,1065,1395,50,250,None,156,,Single-slot,PCIe 3.0 x16,2021-05-06,已量产,1,AI训练/推理 / HPC,"NVIDIA T1000 — Turing architecture, Quadro Turing(Tx000) generation, 4.0GB GDDR6",https://www.techpowerup.com/gpu-specs/t1000.c3797,community,high,,1
NVIDIA,NVIDIA,foreign,TU117,T1000 8 GB,GPU,both,workstation,Turing,TU117,Quadro Turing(Tx000),12,TSMC,200,4.7,BGA-960,8,GDDR6,128,160,1250,896,0,0,14,896,64,1,FP64/FP32/FP16/BF16/INT8,FP64:0.1TFLOPS;FP32:2.5TFLOPS;FP16/BF16:5.0TFLOPS,1065,1395,50,250,None,156,,Single-slot,PCIe 3.0 x16,2021-05-06,已量产,1,AI训练/推理 / HPC,"NVIDIA T1000 8 GB — Turing architecture, Quadro Turing(Tx000) generation, 8.0GB GDDR6",https://www.techpowerup.com/gpu-specs/t1000-8-gb.c3842,community,high,,1
NVIDIA,NVIDIA,foreign,TU117,T400 4 GB,GPU,both,workstation,Turing,TU117,Quadro Turing(Tx000),12,TSMC,200,4.7,BGA-960,4,GDDR6,64,80,1250,384,0,0,6,384,64,1,FP64/FP32/FP16/BF16/INT8,FP64:0.0TFLOPS;FP32:1.1TFLOPS;FP16/BF16:2.2TFLOPS,420,1425,30,200,None,,,Single-slot,PCIe 3.0 x16,2021-05-06,已量产,1,AI训练/推理 / HPC,"NVIDIA T400 4 GB — Turing architecture, Quadro Turing(Tx000) generation, 4.0GB GDDR6",https://www.techpowerup.com/gpu-specs/t400-4-gb.c3843,community,high,,1
NVIDIA,NVIDIA,foreign,TU117,T600,GPU,both,workstation,Turing,TU117,Quadro Turing(Tx000),12,TSMC,200,4.7,BGA-960,4,GDDR6,128,160,1250,640,0,0,10,640,64,1,FP64/FP32/FP16/BF16/INT8,FP64:0.1TFLOPS;FP32:1.7TFLOPS;FP16/BF16:3.4TFLOPS,735,1335,40,200,None,,,Single-slot,PCIe 3.0 x16,2021-04-12,已量产,1,AI训练/推理 / HPC,"NVIDIA T600 — Turing architecture, Quadro Turing(Tx000) generation, 4.0GB GDDR6",https://www.techpowerup.com/gpu-specs/t600.c3796,community,high,,1
NVIDIA,NVIDIA,foreign,TU117,T600 Max-Q,GPU,both,workstation,Turing,TU117,Quadro Turing-M(Tx000),12,TSMC,200,4.7,BGA-960,4,GDDR6,128,160,1250,896,0,0,14,896,64,1,FP64/FP32/FP16/BF16/INT8,FP64:0.1TFLOPS;FP32:2.5TFLOPS;FP16/BF16:5.0TFLOPS,930,1395,40,,None,,,IGP,PCIe 3.0 x16,2021-04-12,已量产,1,AI训练/推理 / HPC,"NVIDIA T600 Max-Q — Turing architecture, Quadro Turing-M(Tx000) generation, 4.0GB GDDR6",https://www.techpowerup.com/gpu-specs/t600-max-q.c3817,community,high,,1
NVIDIA,NVIDIA,foreign,TU117,T600 Mobile,GPU,both,workstation,Turing,TU117,Quadro Turing-M(Tx000),12,TSMC,200,4.7,BGA-960,4,GDDR6,128,192,1500,896,0,0,14,896,64,1,FP64/FP32/FP16/BF16/INT8,FP64:0.1TFLOPS;FP32:2.5TFLOPS;FP16/BF16:5.1TFLOPS,780,1410,40,,None,,,IGP,PCIe 3.0 x16,2021-04-12,已量产,1,AI训练/推理 / HPC,"NVIDIA T600 Mobile — Turing architecture, Quadro Turing-M(Tx000) generation, 4.0GB GDDR6",https://www.techpowerup.com/gpu-specs/t600-mobile.c4151,community,high,,1
AMD,AMD,foreign,Aldebaran,Radeon Instinct MI200,GPU,both,datacenter,CDNA 2.0,Aldebaran,Radeon Instinct(MIx),6,TSMC,724,58.2,,64,HBM2e,4096,1640,1600,6656,0,0,0,6656,16,16,FP64/FP32/FP16/BF16/INT8,FP64:22.6TFLOPS;FP32:22.6TFLOPS;FP16/BF16:181.0TFLOPS,1000,1700,300,700,1x 8-pin,,,OAM Module,PCIe 4.0 x16,2021-12-01,已量产,1,AI训练/推理 / HPC,"AMD Radeon Instinct MI200 — CDNA 2.0 architecture, Radeon Instinct(MIx) generation, 64.0GB HBM2e",https://www.techpowerup.com/gpu-specs/radeon-instinct-mi200.c4077,community,high,,1
AMD,AMD,foreign,Aldebaran,Radeon Instinct MI210,GPU,both,datacenter,CDNA 2.0,Aldebaran,Radeon Instinct(MIx),6,TSMC,724,58.2,,64,HBM2e,4096,1640,1600,6656,0,0,0,6656,16,16,FP64/FP32/FP16/BF16/INT8,FP64:22.6TFLOPS;FP32:22.6TFLOPS;FP16/BF16:181.0TFLOPS,1000,1700,300,700,1x 8-pin,267,,Dual-slot,PCIe 4.0 x16,2021-12-01,已量产,1,AI训练/推理 / HPC,"AMD Radeon Instinct MI210 — CDNA 2.0 architecture, Radeon Instinct(MIx) generation, 64.0GB HBM2e",https://www.techpowerup.com/gpu-specs/radeon-instinct-mi210.c3857,community,high,,1
AMD,AMD,foreign,Aldebaran,Radeon Instinct MI250,GPU,both,datacenter,CDNA 2.0,Aldebaran,Radeon Instinct(MIx),6,TSMC,724,58.2,,128,HBM2e,8192,3280,1600,13312,0,0,0,13312,16,16,FP64/FP32/FP16/BF16/INT8,FP64:45.3TFLOPS;FP32:45.3TFLOPS;FP16/BF16:362.1TFLOPS,1000,1700,500,900,2x 8-pin,267,,Dual-slot,PCIe 4.0 x16,2021-11-08,已量产,1,AI训练/推理 / HPC,"AMD Radeon Instinct MI250 — CDNA 2.0 architecture, Radeon Instinct(MIx) generation, 128.0GB HBM2e",https://www.techpowerup.com/gpu-specs/radeon-instinct-mi250.c3847,community,high,,1
AMD,AMD,foreign,Aldebaran,Radeon Instinct MI250X,GPU,both,datacenter,CDNA 2.0,Aldebaran,Radeon Instinct(MIx),6,TSMC,724,58.2,,128,HBM2e,8192,3280,1600,14080,0,0,0,14080,16,16,FP64/FP32/FP16/BF16/INT8,FP64:47.9TFLOPS;FP32:47.9TFLOPS;FP16/BF16:383.0TFLOPS,1000,1700,500,900,2x 8-pin,267,,Dual-slot,PCIe 4.0 x16,2021-11-08,已量产,1,AI训练/推理 / HPC,"AMD Radeon Instinct MI250X — CDNA 2.0 architecture, Radeon Instinct(MIx) generation, 128.0GB HBM2e",https://www.techpowerup.com/gpu-specs/radeon-instinct-mi250x.c3837,community,high,,1
AMD,AMD,foreign,Navi 23,Radeon PRO W6600,GPU,both,workstation,RDNA 2.0,Navi 23,Radeon Pro Navi(Navi II Series),7,TSMC,237,11.06,BGA-1269,8,GDDR6,128,224,1750,1792,0,28,0,1792,128,2,FP64/FP32/FP16/BF16/INT8,FP64:0.6TFLOPS;FP32:9.2TFLOPS;FP16/BF16:18.5TFLOPS,2331,2580,100,300,1x 6-pin,241,,Single-slot,PCIe 4.0 x8,2021-06-08,已量产,1,AI训练/推理 / HPC,"AMD Radeon PRO W6600 — RDNA 2.0 architecture, Radeon Pro Navi(Navi II Series) generation, 8.0GB GDDR6",https://www.techpowerup.com/gpu-specs/radeon-pro-w6600.c3818,community,high,,1
AMD,AMD,foreign,Navi 23,Radeon Pro W6600M,GPU,both,workstation,RDNA 2.0,Navi 23,Radeon Pro Mobile(W6x00M),7,TSMC,237,11.06,BGA-1269,8,GDDR6,128,224,1750,1792,0,28,0,1792,128,2,FP64/FP32/FP16/BF16/INT8,FP64:0.5TFLOPS;FP32:7.3TFLOPS;FP16/BF16:14.6TFLOPS,1224,2034,90,,None,,,IGP,PCIe 4.0 x16,2021-06-08,已量产,1,AI训练/推理 / HPC,"AMD Radeon Pro W6600M — RDNA 2.0 architecture, Radeon Pro Mobile(W6x00M) generation, 8.0GB GDDR6",https://www.techpowerup.com/gpu-specs/radeon-pro-w6600m.c3819,community,high,,1
AMD,AMD,foreign,Navi 23,Radeon Pro W6600X,GPU,both,workstation,RDNA 2.0,Navi 23,Radeon Pro Mac(Navi II Series),7,TSMC,237,11.06,BGA-1269,8,GDDR6,128,256,2000,2048,0,32,0,2048,128,2,FP64/FP32/FP16/BF16/INT8,FP64:0.6TFLOPS;FP32:10.2TFLOPS;FP16/BF16:20.3TFLOPS,2068,2479,120,300,,,,Dual-slot,Apple MPX,2021-08-03,已量产,1,AI训练/推理 / HPC,"AMD Radeon Pro W6600X — RDNA 2.0 architecture, Radeon Pro Mac(Navi II Series) generation, 8.0GB GDDR6",https://www.techpowerup.com/gpu-specs/radeon-pro-w6600x.c4104,community,high,,1
AMD,AMD,foreign,Navi 21,Radeon PRO W6800,GPU,both,datacenter,RDNA 2.0,Navi 21,Radeon Pro Navi(Navi II Series),7,TSMC,520,26.8,BGA-2425,32,GDDR6,256,512,2000,3840,0,60,0,3840,128,4,FP64/FP32/FP16/BF16/INT8,FP64:1.1TFLOPS;FP32:17.8TFLOPS;FP16/BF16:35.7TFLOPS,1575,2322,250,600,1x 6-pin + 1x 8-pin,267,50,Dual-slot,PCIe 4.0 x16,2021-06-08,已量产,1,AI训练/推理 / HPC,"AMD Radeon PRO W6800 — RDNA 2.0 architecture, Radeon Pro Navi(Navi II Series) generation, 32.0GB GDDR6",https://www.techpowerup.com/gpu-specs/radeon-pro-w6800.c3809,community,high,,1
AMD,AMD,foreign,Navi 21,Radeon Pro W6800X,GPU,both,datacenter,RDNA 2.0,Navi 21,Radeon Pro Mac(Navi II Series),7,TSMC,520,26.8,BGA-2425,32,GDDR6,256,512,2000,3840,0,60,0,3840,128,4,FP64/FP32/FP16/BF16/INT8,FP64:1.0TFLOPS;FP32:16.0TFLOPS;FP16/BF16:32.1TFLOPS,1800,2087,200,550,Apple MPX,267,,Quad-slot,Apple MPX,2021-08-03,已量产,1,AI训练/推理 / HPC,"AMD Radeon Pro W6800X — RDNA 2.0 architecture, Radeon Pro Mac(Navi II Series) generation, 32.0GB GDDR6",https://www.techpowerup.com/gpu-specs/radeon-pro-w6800x.c3826,community,high,,1
AMD,AMD,foreign,Navi 21,Radeon Pro W6800X Duo,GPU,both,datacenter,RDNA 2.0,Navi 21,Radeon Pro Mac(Navi II Series),7,TSMC,520,26.8,BGA-2425,32,GDDR6,256,512,2000,3840,0,60,0,3840,128,4,FP64/FP32/FP16/BF16/INT8,FP64:0.9TFLOPS;FP32:15.1TFLOPS;FP16/BF16:30.2TFLOPS,1800,1967,400,800,,267,,Quad-slot,Apple MPX,2021-08-03,已量产,1,AI训练/推理 / HPC,"AMD Radeon Pro W6800X Duo — RDNA 2.0 architecture, Radeon Pro Mac(Navi II Series) generation, 32.0GB GDDR6",https://www.techpowerup.com/gpu-specs/radeon-pro-w6800x-duo.c3824,community,high,,1
AMD,AMD,foreign,Navi 21,Radeon Pro W6900X,GPU,both,datacenter,RDNA 2.0,Navi 21,Radeon Pro Mac(Navi II Series),7,TSMC,520,26.8,BGA-2425,32,GDDR6,256,512,2000,5120,0,80,0,5120,128,4,FP64/FP32/FP16/BF16/INT8,FP64:1.4TFLOPS;FP32:22.2TFLOPS;FP16/BF16:44.5TFLOPS,1825,2171,300,700,,267,,,Apple MPX,2021-08-03,已量产,1,AI训练/推理 / HPC,"AMD Radeon Pro W6900X — RDNA 2.0 architecture, Radeon Pro Mac(Navi II Series) generation, 32.0GB GDDR6",https://www.techpowerup.com/gpu-specs/radeon-pro-w6900x.c3825,community,high,,1
Intel,Intel,foreign,Arctic Sound,Arctic Sound 1T,GPU,both,datacenter,Generation 12.5,Arctic Sound,Data Center GPU(Arctic Sound),10,Intel,190,8,,16,HBM2e,4096,1230,1200,6144,0,0,0,6144,0,8,FP64/FP32/FP16/BF16/INT8,FP64:2.8TFLOPS;FP32:11.1TFLOPS;FP16/BF16:22.1TFLOPS,900,900,350,750,None,267,,Dual-slot,PCIe 4.0 x16,2021-01-01,已量产,1,AI训练/推理 / HPC,"Intel Arctic Sound 1T — Generation 12.5 architecture, Data Center GPU(Arctic Sound) generation, 16.0GB HBM2e",https://www.techpowerup.com/gpu-specs/arctic-sound-1t.c3886,community,high,,1
Intel,Intel,foreign,Arctic Sound,Arctic Sound 2T,GPU,both,datacenter,Generation 12.5,Arctic Sound,Data Center GPU(Arctic Sound),10,Intel,190,8,,16,HBM2e,4096,1230,1200,7680,0,0,0,7680,0,8,FP64/FP32/FP16/BF16/INT8,FP64:3.5TFLOPS;FP32:13.8TFLOPS;FP16/BF16:27.6TFLOPS,900,900,500,900,None,267,,Dual-slot,PCIe 4.0 x16,2021-01-01,已量产,1,AI训练/推理 / HPC,"Intel Arctic Sound 2T — Generation 12.5 architecture, Data Center GPU(Arctic Sound) generation, 16.0GB HBM2e",https://www.techpowerup.com/gpu-specs/arctic-sound-2t.c3503,community,high,,1
NVIDIA,NVIDIA,foreign,GA102,A10M,GPU,both,workstation,Ampere,GA102,Server Ampere(Axx),8,Samsung,628,28.3,BGA-3328,20,GDDR6,320,500.2,1563,7168,224,56,56,7168,128,6,FP64/FP32/FP16/BF16/INT8,FP64:0.7TFLOPS;FP32:23.4TFLOPS;FP16/BF16:23.4TFLOPS,975,1635,150,450,8-pin EPS,267,,Single-slot,PCIe 4.0 x16,2022-02-01,已量产,1,AI训练/推理 / HPC,"NVIDIA A10M — Ampere architecture, Server Ampere(Axx) generation, 20.0GB GDDR6",https://www.techpowerup.com/gpu-specs/a10m.c4200,community,high,,1
NVIDIA,NVIDIA,foreign,GA100,A800 PCIe 40 GB,GPU,both,datacenter,Ampere,GA100,Server Ampere(Axx),7,TSMC,826,54.2,BGA-2743,40,HBM2e,5120,1560,1215,6912,432,0,108,6912,192,40,FP64/FP32/FP16/BF16/INT8,FP64:9.7TFLOPS;FP32:19.5TFLOPS;FP16/BF16:78.0TFLOPS,765,1410,250,600,8-pin EPS,267,,Dual-slot,PCIe 4.0 x16,2022-11-08,已量产,1,AI训练/推理 / HPC,"NVIDIA A800 PCIe 40 GB — Ampere architecture, Server Ampere(Axx) generation, 40.0GB HBM2e",https://www.techpowerup.com/gpu-specs/a800-pcie-40-gb.c3964,community,high,,1
NVIDIA,NVIDIA,foreign,GA100,A800 PCIe 80 GB,GPU,both,datacenter,Ampere,GA100,Server Ampere(Axx),7,TSMC,826,54.2,BGA-2743,80,HBM2e,5120,1940,1512,6912,432,0,108,6912,192,80,FP64/FP32/FP16/BF16/INT8,FP64:9.7TFLOPS;FP32:19.5TFLOPS;FP16/BF16:78.0TFLOPS,1065,1410,250,600,8-pin EPS,267,,Dual-slot,PCIe 4.0 x16,2022-11-08,已量产,1,AI训练/推理 / HPC,"NVIDIA A800 PCIe 80 GB — Ampere architecture, Server Ampere(Axx) generation, 80.0GB HBM2e",https://www.techpowerup.com/gpu-specs/a800-pcie-80-gb.c3965,community,high,,1
NVIDIA,NVIDIA,foreign,GA100,A800 SXM4 80 GB,GPU,both,datacenter,Ampere,GA100,Server Ampere(Axx),7,TSMC,826,54.2,BGA-2743,80,HBM2e,5120,2040,1593,6912,432,0,108,6912,192,40,FP64/FP32/FP16/BF16/INT8,FP64:9.7TFLOPS;FP32:19.5TFLOPS;FP16/BF16:78.0TFLOPS,1155,1410,400,800,None,,,SXM Module,PCIe 4.0 x16,2022-08-11,已量产,1,AI训练/推理 / HPC,"NVIDIA A800 SXM4 80 GB — Ampere architecture, Server Ampere(Axx) generation, 80.0GB HBM2e",https://www.techpowerup.com/gpu-specs/a800-sxm4-80-gb.c3966,community,high,,1
NVIDIA,NVIDIA,foreign,GH100,H100 PCIe 80 GB,GPU,both,datacenter,Hopper,GH100,Server Hopper(Hxx),5,TSMC,814,80,,80,HBM2e,5120,2040,1593,14592,456,0,114,14592,250,50,FP64/FP32/FP16/BF16/INT8,FP64:25.6TFLOPS;FP32:51.2TFLOPS;FP16/BF16:204.9TFLOPS,1095,1755,350,750,1x 16-pin,268,,Dual-slot,PCIe 5.0 x16,2022-10-01,已量产,1,AI训练/推理 / HPC,"NVIDIA H100 PCIe 80 GB — Hopper architecture, Server Hopper(Hxx) generation, 80.0GB HBM2e",https://www.techpowerup.com/gpu-specs/h100-pcie-80-gb.c3899,community,high,,1
NVIDIA,NVIDIA,foreign,GH100,H100 SXM5 80 GB,GPU,both,datacenter,Hopper,GH100,Server Hopper(Hxx),5,TSMC,814,80,,80,HBM3,5120,3360,1313,16896,528,0,132,16896,250,50,FP64/FP32/FP16/BF16/INT8,FP64:33.5TFLOPS;FP32:66.9TFLOPS;FP16/BF16:267.6TFLOPS,1590,1980,700,1100,None,,,SXM Module,PCIe 5.0 x16,2022-10-01,已量产,1,AI训练/推理 / HPC,"NVIDIA H100 SXM5 80 GB — Hopper architecture, Server Hopper(Hxx) generation, 80.0GB HBM3",https://www.techpowerup.com/gpu-specs/h100-sxm5-80-gb.c3900,community,high,,1
NVIDIA,NVIDIA,foreign,AD102,L40,GPU,both,datacenter,Ada Lovelace,AD102,Server Ada(Lxx),5,TSMC,609,76.3,,48,GDDR6,384,864,2250,18176,568,142,142,18176,128,96,FP64/FP32/FP16/BF16/INT8,FP64:1.4TFLOPS;FP32:90.5TFLOPS;FP16/BF16:90.5TFLOPS,735,2490,300,700,1x 16-pin,267,,Dual-slot,PCIe 4.0 x16,2022-10-13,已量产,1,AI训练/推理 / HPC,"NVIDIA L40 — Ada Lovelace architecture, Server Ada(Lxx) generation, 48.0GB GDDR6",https://www.techpowerup.com/gpu-specs/l40.c3959,community,high,,1
NVIDIA,NVIDIA,foreign,AD102,L40 CNX,GPU,both,datacenter,Ada Lovelace,AD102,Server Ada(Lxx),5,TSMC,609,76.3,,24,GDDR6,384,864,2250,18176,568,142,142,18176,128,48,FP64/FP32/FP16/BF16/INT8,FP64:1.4TFLOPS;FP32:90.0TFLOPS;FP16/BF16:90.0TFLOPS,1005,2475,300,700,1x 16-pin,267,,Dual-slot,PCIe 4.0 x16,2022-10-13,已量产,1,AI训练/推理 / HPC,"NVIDIA L40 CNX — Ada Lovelace architecture, Server Ada(Lxx) generation, 24.0GB GDDR6",https://www.techpowerup.com/gpu-specs/l40-cnx.c3961,community,high,,1
NVIDIA,NVIDIA,foreign,AD102,L40G,GPU,both,datacenter,Ada Lovelace,AD102,Server Ada(Lxx),5,TSMC,609,76.3,,24,GDDR6,384,864,2250,18176,568,142,142,18176,128,48,FP64/FP32/FP16/BF16/INT8,FP64:1.4TFLOPS;FP32:90.0TFLOPS;FP16/BF16:90.0TFLOPS,1005,2475,300,700,1x 16-pin,267,,Dual-slot,PCIe 4.0 x16,2022-10-13,已量产,1,AI训练/推理 / HPC,"NVIDIA L40G — Ada Lovelace architecture, Server Ada(Lxx) generation, 24.0GB GDDR6",https://www.techpowerup.com/gpu-specs/l40g.c3960,community,high,,1
NVIDIA,NVIDIA,foreign,AD102,L40S,GPU,both,datacenter,Ada Lovelace,AD102,Server Ada(Lxx),5,TSMC,609,76.3,,48,GDDR6,384,864,2250,18176,568,142,142,18176,128,48,FP64/FP32/FP16/BF16/INT8,FP64:1.4TFLOPS;FP32:91.6TFLOPS;FP16/BF16:91.6TFLOPS,1110,2520,300,700,1x 16-pin,267,,Dual-slot,PCIe 4.0 x16,2022-10-13,已量产,1,AI训练/推理 / HPC,"NVIDIA L40S — Ada Lovelace architecture, Server Ada(Lxx) generation, 48.0GB GDDR6",https://www.techpowerup.com/gpu-specs/l40s.c4173,community,high,,1
NVIDIA,NVIDIA,foreign,AD102,RTX 6000 Ada Generation,GPU,both,datacenter,Ada Lovelace,AD102,Workstation Ada(x000A),5,TSMC,609,76.3,,48,GDDR6,384,960,2500,18176,568,142,142,18176,128,96,FP64/FP32/FP16/BF16/INT8,FP64:1.4TFLOPS;FP32:91.1TFLOPS;FP16/BF16:91.1TFLOPS,915,2505,300,700,1x 16-pin,267,,Dual-slot,PCIe 4.0 x16,2022-12-03,已量产,1,AI训练/推理 / HPC,"NVIDIA RTX 6000 Ada Generation — Ada Lovelace architecture, Workstation Ada(x000A) generation, 48.0GB GDDR6",https://www.techpowerup.com/gpu-specs/rtx-6000-ada-generation.c3933,community,high,,1
NVIDIA,NVIDIA,foreign,GA107S,RTX A1000 Embedded,GPU,both,workstation,Ampere,GA107S,Ampere-MW(Ax000),8,Samsung,200,8.7,,4,GDDR6,128,224,1750,2048,64,16,16,2048,128,2,FP64/FP32/FP16/BF16/INT8,FP64:0.1TFLOPS;FP32:4.7TFLOPS;FP16/BF16:4.7TFLOPS,630,1140,35,,None,,,MXM Module,PCIe 4.0 x8,2022-03-30,已量产,1,AI训练/推理 / HPC,"NVIDIA RTX A1000 Embedded — Ampere architecture, Ampere-MW(Ax000) generation, 4.0GB GDDR6",https://www.techpowerup.com/gpu-specs/rtx-a1000-embedded.c3895,community,high,,1
NVIDIA,NVIDIA,foreign,GA107,RTX A1000 Mobile,GPU,both,workstation,Ampere,GA107,Ampere-MW(Ax000),8,Samsung,200,8.7,FCBGA-1358,4,GDDR6,128,176,1375,2048,64,16,16,2048,128,2,FP64/FP32/FP16/BF16/INT8,FP64:0.1TFLOPS;FP32:4.7TFLOPS;FP16/BF16:4.7TFLOPS,630,1140,60,,None,,,IGP,PCIe 4.0 x8,2022-03-30,已量产,1,AI训练/推理 / HPC,"NVIDIA RTX A1000 Mobile — Ampere architecture, Ampere-MW(Ax000) generation, 4.0GB GDDR6",https://www.techpowerup.com/gpu-specs/rtx-a1000-mobile.c3920,community,high,,1
NVIDIA,NVIDIA,foreign,GA107,RTX A1000 Mobile 6 GB,GPU,both,workstation,Ampere,GA107,Ampere-MW(Ax000),8,Samsung,200,8.7,FCBGA-1358,6,GDDR6,96,132,1375,2560,80,20,20,2560,128,2,FP64/FP32/FP16/BF16/INT8,FP64:0.1TFLOPS;FP32:5.8TFLOPS;FP16/BF16:5.8TFLOPS,652,1140,60,,None,,,IGP,PCIe 4.0 x8,2022-03-30,已量产,1,AI训练/推理 / HPC,"NVIDIA RTX A1000 Mobile 6 GB — Ampere architecture, Ampere-MW(Ax000) generation, 6.0GB GDDR6",https://www.techpowerup.com/gpu-specs/rtx-a1000-mobile-6-gb.c4137,community,high,,1
NVIDIA,NVIDIA,foreign,GA107,RTX A2000 Embedded,GPU,both,workstation,Ampere,GA107,Ampere-MW(Ax000),8,Samsung,200,8.7,FCBGA-1358,4,GDDR6,128,192,1500,2560,80,20,20,2560,128,2,FP64/FP32/FP16/BF16/INT8,FP64:0.1TFLOPS;FP32:6.0TFLOPS;FP16/BF16:6.0TFLOPS,607,1177,35,,None,,,MXM Module,PCIe 4.0 x8,2022-03-30,已量产,1,AI训练/推理 / HPC,"NVIDIA RTX A2000 Embedded — Ampere architecture, Ampere-MW(Ax000) generation, 4.0GB GDDR6",https://www.techpowerup.com/gpu-specs/rtx-a2000-embedded.c3861,community,high,,1
NVIDIA,NVIDIA,foreign,GA104,RTX A4500 Embedded,GPU,both,workstation,Ampere,GA104,Ampere-MW(Ax000),8,Samsung,392,17.4,BGA-2713,16,GDDR6,256,384,1500,5888,184,46,46,5888,128,4,FP64/FP32/FP16/BF16/INT8,FP64:0.2TFLOPS;FP32:14.3TFLOPS;FP16/BF16:14.3TFLOPS,510,1215,80,,None,,,MXM Module,PCIe 4.0 x16,2022-03-30,已量产,1,AI训练/推理 / HPC,"NVIDIA RTX A4500 Embedded — Ampere architecture, Ampere-MW(Ax000) generation, 16.0GB GDDR6",https://www.techpowerup.com/gpu-specs/rtx-a4500-embedded.c3893,community,high,,1
NVIDIA,NVIDIA,foreign,GA104,RTX A4500 Max-Q,GPU,both,workstation,Ampere,GA104,Ampere-MW(Ax000),8,Samsung,392,17.4,BGA-2713,16,GDDR6,256,448,1750,5888,184,46,46,5888,128,4,FP64/FP32/FP16/BF16/INT8,FP64:0.2TFLOPS;FP32:14.3TFLOPS;FP16/BF16:14.3TFLOPS,510,1215,80,,None,,,,PCIe 4.0 x16,2022-03-22,已量产,1,AI训练/推理 / HPC,"NVIDIA RTX A4500 Max-Q — Ampere architecture, Ampere-MW(Ax000) generation, 16.0GB GDDR6",https://www.techpowerup.com/gpu-specs/rtx-a4500-max-q.c4009,community,high,,1
NVIDIA,NVIDIA,foreign,GA104,RTX A4500 Mobile,GPU,both,workstation,Ampere,GA104,Ampere-MW(Ax000),8,Samsung,392,17.4,BGA-2713,16,GDDR6,256,512,2000,5888,184,46,46,5888,128,4,FP64/FP32/FP16/BF16/INT8,FP64:0.3TFLOPS;FP32:17.7TFLOPS;FP16/BF16:17.7TFLOPS,930,1500,140,,None,,,,PCIe 4.0 x16,2022-03-22,已量产,1,AI训练/推理 / HPC,"NVIDIA RTX A4500 Mobile — Ampere architecture, Ampere-MW(Ax000) generation, 16.0GB GDDR6",https://www.techpowerup.com/gpu-specs/rtx-a4500-mobile.c3851,community,high,,1
NVIDIA,NVIDIA,foreign,GA107S,RTX A500 Embedded,GPU,both,workstation,Ampere,GA107S,Ampere-MW(Ax000),8,Samsung,200,8.7,,4,GDDR6,64,96,1500,2048,64,16,16,2048,128,2,FP64/FP32/FP16/BF16/INT8,FP64:0.1TFLOPS;FP32:5.5TFLOPS;FP16/BF16:5.5TFLOPS,435,1335,20,,None,,,MXM Module,PCIe 4.0 x8,2022-03-30,已量产,1,AI训练/推理 / HPC,"NVIDIA RTX A500 Embedded — Ampere architecture, Ampere-MW(Ax000) generation, 4.0GB GDDR6",https://www.techpowerup.com/gpu-specs/rtx-a500-embedded.c3896,community,high,,1
NVIDIA,NVIDIA,foreign,GA107S,RTX A500 Mobile,GPU,both,workstation,Ampere,GA107S,Ampere-MW(Ax000),8,Samsung,200,8.7,,4,GDDR6,64,96,1500,2048,64,16,16,2048,128,2,FP64/FP32/FP16/BF16/INT8,FP64:0.1TFLOPS;FP32:6.3TFLOPS;FP16/BF16:6.3TFLOPS,832,1537,30,,None,,,IGP,PCIe 4.0 x8,2022-03-22,已量产,1,AI训练/推理 / HPC,"NVIDIA RTX A500 Mobile — Ampere architecture, Ampere-MW(Ax000) generation, 4.0GB GDDR6",https://www.techpowerup.com/gpu-specs/rtx-a500-mobile.c3939,community,high,,1
NVIDIA,NVIDIA,foreign,GA102,RTX A5500,GPU,both,datacenter,Ampere,GA102,Workstation Ampere(Ax000),8,Samsung,628,28.3,BGA-3328,24,GDDR6,384,768,2000,10240,320,80,80,10240,128,6,FP64/FP32/FP16/BF16/INT8,FP64:0.5TFLOPS;FP32:34.1TFLOPS;FP16/BF16:34.1TFLOPS,1080,1665,230,550,1x 8-pin,267,,Dual-slot,PCIe 4.0 x16,2022-03-22,已量产,1,AI训练/推理 / HPC,"NVIDIA RTX A5500 — Ampere architecture, Workstation Ampere(Ax000) generation, 24.0GB GDDR6",https://www.techpowerup.com/gpu-specs/rtx-a5500.c3901,community,high,,1
NVIDIA,NVIDIA,foreign,GA103,RTX A5500 Max-Q,GPU,both,workstation,Ampere,GA103,Ampere-MW(Ax000),8,Samsung,496,22,BGA-2708,16,GDDR6,256,448,1750,7424,232,58,58,7424,128,4,FP64/FP32/FP16/BF16/INT8,FP64:0.3TFLOPS;FP32:18.7TFLOPS;FP16/BF16:18.7TFLOPS,585,1260,80,,None,,,,PCIe 4.0 x16,2022-03-22,已量产,1,AI训练/推理 / HPC,"NVIDIA RTX A5500 Max-Q — Ampere architecture, Ampere-MW(Ax000) generation, 16.0GB GDDR6",https://www.techpowerup.com/gpu-specs/rtx-a5500-max-q.c4011,community,high,,1
NVIDIA,NVIDIA,foreign,GA103,RTX A5500 Mobile,GPU,both,workstation,Ampere,GA103,Ampere-MW(Ax000),8,Samsung,496,22,BGA-2708,16,GDDR6,256,512,2000,7424,232,58,58,7424,128,4,FP64/FP32/FP16/BF16/INT8,FP64:0.3TFLOPS;FP32:22.3TFLOPS;FP16/BF16:22.3TFLOPS,975,1500,165,,None,,,,PCIe 4.0 x16,2022-03-22,已量产,1,AI训练/推理 / HPC,"NVIDIA RTX A5500 Mobile — Ampere architecture, Ampere-MW(Ax000) generation, 16.0GB GDDR6",https://www.techpowerup.com/gpu-specs/rtx-a5500-mobile.c3902,community,high,,1
NVIDIA,NVIDIA,foreign,TU117,T550 Mobile,GPU,both,workstation,Turing,TU117,Quadro Turing-M(Tx000),12,TSMC,200,4.7,BGA-960,4,GDDR6,64,96,1500,1024,0,0,16,1024,64,1,FP64/FP32/FP16/BF16/INT8,FP64:0.1TFLOPS;FP32:3.4TFLOPS;FP16/BF16:6.8TFLOPS,1065,1665,23,,None,,,IGP,PCIe 3.0 x16,2022-05-01,已量产,1,AI训练/推理 / HPC,"NVIDIA T550 Mobile — Turing architecture, Quadro Turing-M(Tx000) generation, 4.0GB GDDR6",https://www.techpowerup.com/gpu-specs/t550-mobile.c3918,community,high,,1
AMD,AMD,foreign,Navi 24,Radeon PRO W6400,GPU,both,workstation,RDNA 2.0,Navi 24,Radeon Pro Navi(Navi II Series),6,TSMC,107,5.4,,4,GDDR6,64,128,2000,768,0,12,0,768,128,1,FP64/FP32/FP16/BF16/INT8,FP64:0.2TFLOPS;FP32:3.6TFLOPS;FP16/BF16:7.1TFLOPS,2039,2321,50,250,None,,,Single-slot,PCIe 4.0 x4,2022-01-19,已量产,1,AI训练/推理 / HPC,"AMD Radeon PRO W6400 — RDNA 2.0 architecture, Radeon Pro Navi(Navi II Series) generation, 4.0GB GDDR6",https://www.techpowerup.com/gpu-specs/radeon-pro-w6400.c3873,community,high,,1
AMD,AMD,foreign,Van Gogh,Steam Deck GPU,GPU,both,workstation,RDNA 2.0,Van Gogh,Console GPU(Valve),7,TSMC,163,2.4,,16,LPDDR5,128,176,1375,512,0,8,0,512,128,1,FP64/FP32/FP16/BF16/INT8,FP64:0.1TFLOPS;FP32:1.6TFLOPS;FP16/BF16:3.3TFLOPS,1000,1600,15,,,298,49,,,2022-02-25,已量产,1,AI训练/推理 / HPC,"AMD Steam Deck GPU — RDNA 2.0 architecture, Console GPU(Valve) generation, 16.0GB LPDDR5",https://www.techpowerup.com/gpu-specs/steam-deck-gpu.c3897,community,high,,1
Intel,Intel,foreign,DG2-128,Arc Pro A30M,GPU,both,workstation,Xe-HPG,DG2-128,Alchemist(Pro-Series Mobile),6,TSMC,157,7.2,,4,GDDR6,64,128,2000,1024,0,8,0,1024,0,4,FP64/FP32/FP16/BF16/INT8,FP64:1.0TFLOPS;FP32:4.1TFLOPS;FP16/BF16:8.2TFLOPS,1500,2000,50,,None,,,,PCIe 4.0 x8,2022-08-08,已量产,1,AI训练/推理 / HPC,"Intel Arc Pro A30M — Xe-HPG architecture, Alchemist(Pro-Series Mobile) generation, 4.0GB GDDR6",https://www.techpowerup.com/gpu-specs/arc-pro-a30m.c3927,community,high,,1
Intel,Intel,foreign,DG2-128,Arc Pro A40,GPU,both,workstation,Xe-HPG,DG2-128,Alchemist(Pro Series),6,TSMC,157,7.2,,6,GDDR6,96,192,2000,1024,0,8,0,1024,0,4,FP64/FP32/FP16/BF16/INT8,FP64:0.9TFLOPS;FP32:3.5TFLOPS;FP16/BF16:7.0TFLOPS,1500,1700,50,250,None,,,Single-slot,PCIe 4.0 x8,2022-08-08,已量产,1,AI训练/推理 / HPC,"Intel Arc Pro A40 — Xe-HPG architecture, Alchemist(Pro Series) generation, 6.0GB GDDR6",https://www.techpowerup.com/gpu-specs/arc-pro-a40.c3925,community,high,,1
Intel,Intel,foreign,DG2-128,Arc Pro A50,GPU,both,workstation,Xe-HPG,DG2-128,Alchemist(Pro Series),6,TSMC,157,7.2,,6,GDDR6,96,192,2000,1024,0,8,0,1024,0,4,FP64/FP32/FP16/BF16/INT8,FP64:1.2TFLOPS;FP32:4.8TFLOPS;FP16/BF16:9.6TFLOPS,2000,2350,75,250,None,,,Dual-slot,PCIe 4.0 x8,2022-08-08,已量产,1,AI训练/推理 / HPC,"Intel Arc Pro A50 — Xe-HPG architecture, Alchemist(Pro Series) generation, 6.0GB GDDR6",https://www.techpowerup.com/gpu-specs/arc-pro-a50.c3926,community,high,,1
Intel,Intel,foreign,Arctic Sound,Arctic Sound-M,GPU,both,datacenter,Generation 12.5,Arctic Sound,Data Center GPU(Arctic Sound),10,Intel,190,8,,16,HBM2e,4096,1230,1200,8192,0,0,0,8192,0,8,FP64/FP32/FP16/BF16/INT8,FP64:3.7TFLOPS;FP32:14.8TFLOPS;FP16/BF16:29.5TFLOPS,900,900,500,900,8-pin EPS,267,,Single-slot,PCIe 4.0 x16,2022-01-01,已量产,1,AI训练/推理 / HPC,"Intel Arctic Sound-M — Generation 12.5 architecture, Data Center GPU(Arctic Sound) generation, 16.0GB HBM2e",https://www.techpowerup.com/gpu-specs/arctic-sound-m.c3885,community,high,,1
Intel,Intel,foreign,DG2-128,Data Center GPU Flex 140,GPU,both,workstation,Xe-HPG,DG2-128,Data Center GPU(Arctic Sound),6,TSMC,157,7.2,,6,GDDR6,96,186,1937,1024,0,8,0,1024,0,4,FP32/FP16/BF16/INT8,FP32:4.0TFLOPS;FP16/BF16:8.0TFLOPS,1600,1950,75,250,1x 8-pin,170,29,Single-slot,PCIe 4.0 x8,2022-08-24,已量产,1,AI训练/推理 / HPC,"Intel Data Center GPU Flex 140 — Xe-HPG architecture, Data Center GPU(Arctic Sound) generation, 6.0GB GDDR6",https://www.techpowerup.com/gpu-specs/data-center-gpu-flex-140.c4072,community,high,,1
Intel,Intel,foreign,DG2-512,Data Center GPU Flex 170,GPU,both,datacenter,Xe-HPG,DG2-512,Data Center GPU(Arctic Sound),6,TSMC,406,21.7,,16,GDDR6,256,512,2000,4096,0,32,0,4096,0,16,FP32/FP16/BF16/INT8,FP32:16.8TFLOPS;FP16/BF16:33.6TFLOPS,1950,2050,150,450,1x 8-pin,,,Dual-slot,PCIe 4.0 x16,2022-08-24,已量产,1,AI训练/推理 / HPC,"Intel Data Center GPU Flex 170 — Xe-HPG architecture, Data Center GPU(Arctic Sound) generation, 16.0GB GDDR6",https://www.techpowerup.com/gpu-specs/data-center-gpu-flex-170.c4071,community,high,,1
NVIDIA,NVIDIA,foreign,GH100,H100 CNX,GPU,both,datacenter,Hopper,GH100,Server Hopper(Hxx),5,TSMC,814,80,,80,HBM2e,5120,2040,1593,14592,456,0,114,14592,250,50,FP64/FP32/FP16/BF16/INT8,FP64:26.9TFLOPS;FP32:53.8TFLOPS;FP16/BF16:215.4TFLOPS,690,1845,350,750,8-pin EPS,267,,Dual-slot,PCIe 5.0 x16,2023-03-21,已量产,1,AI训练/推理 / HPC,"NVIDIA H100 CNX — Hopper architecture, Server Hopper(Hxx) generation, 80.0GB HBM2e",https://www.techpowerup.com/gpu-specs/h100-cnx.c4131,community,high,,1
NVIDIA,NVIDIA,foreign,GH100,H100 NVL 94 GB,GPU,both,datacenter,Hopper,GH100,Server Hopper(Hxx),5,TSMC,814,80,,94,HBM3,6016,3940,1310,16896,528,0,132,16896,250,50,FP64/FP32/FP16/BF16/INT8,FP64:30.2TFLOPS;FP32:60.3TFLOPS;FP16/BF16:241.3TFLOPS,1080,1785,400,800,8-pin EPS,267,,Dual-slot,PCIe 5.0 x16,2023-03-21,已量产,1,AI训练/推理 / HPC,"NVIDIA H100 NVL 94 GB — Hopper architecture, Server Hopper(Hxx) generation, 94.0GB HBM3",https://www.techpowerup.com/gpu-specs/h100-nvl-94-gb.c4327,community,high,,1
NVIDIA,NVIDIA,foreign,GH100,H100 PCIe 96 GB,GPU,both,datacenter,Hopper,GH100,Server Hopper(Hxx),5,TSMC,814,80,,96,HBM3,5120,3360,1313,16896,528,0,132,16896,250,50,FP64/FP32/FP16/BF16/INT8,FP64:31.0TFLOPS;FP32:62.1TFLOPS;FP16/BF16:248.3TFLOPS,1665,1837,700,1100,8-pin EPS,268,,Dual-slot,PCIe 5.0 x16,2023-03-21,已量产,1,AI训练/推理 / HPC,"NVIDIA H100 PCIe 96 GB — Hopper architecture, Server Hopper(Hxx) generation, 96.0GB HBM3",https://www.techpowerup.com/gpu-specs/h100-pcie-96-gb.c4164,community,high,,1
NVIDIA,NVIDIA,foreign,GH100,H100 SXM5 64 GB,GPU,both,datacenter,Hopper,GH100,Server Hopper(Hxx),5,TSMC,814,80,,64,HBM3,3072,2020,1313,16896,528,0,132,16896,250,30,FP64/FP32/FP16/BF16/INT8,FP64:33.5TFLOPS;FP32:66.9TFLOPS;FP16/BF16:267.6TFLOPS,1665,1980,700,1100,8-pin EPS,,,SXM Module,PCIe 5.0 x16,2023-03-21,已量产,1,AI训练/推理 / HPC,"NVIDIA H100 SXM5 64 GB — Hopper architecture, Server Hopper(Hxx) generation, 64.0GB HBM3",https://www.techpowerup.com/gpu-specs/h100-sxm5-64-gb.c4165,community,high,,1
NVIDIA,NVIDIA,foreign,GH100,H100 SXM5 94 GB,GPU,both,datacenter,Hopper,GH100,Server Hopper(Hxx),5,TSMC,814,80,,94,HBM3,5120,3360,1313,16896,528,0,132,16896,250,50,FP64/FP32/FP16/BF16/INT8,FP64:33.5TFLOPS;FP32:66.9TFLOPS;FP16/BF16:267.6TFLOPS,1350,1980,700,1100,8-pin EPS,,,SXM Module,PCIe 5.0 x16,2023-03-21,已量产,1,AI训练/推理 / HPC,"NVIDIA H100 SXM5 94 GB — Hopper architecture, Server Hopper(Hxx) generation, 94.0GB HBM3",https://www.techpowerup.com/gpu-specs/h100-sxm5-94-gb.c4294,community,high,,1
NVIDIA,NVIDIA,foreign,GH100,H100 SXM5 96 GB,GPU,both,datacenter,Hopper,GH100,Server Hopper(Hxx),5,TSMC,814,80,,96,HBM3,5120,3360,1313,16896,528,0,132,16896,250,50,FP64/FP32/FP16/BF16/INT8,FP64:33.5TFLOPS;FP32:66.9TFLOPS;FP16/BF16:267.6TFLOPS,1350,1980,700,1100,8-pin EPS,,,SXM Module,PCIe 5.0 x16,2023-03-21,已量产,1,AI训练/推理 / HPC,"NVIDIA H100 SXM5 96 GB — Hopper architecture, Server Hopper(Hxx) generation, 96.0GB HBM3",https://www.techpowerup.com/gpu-specs/h100-sxm5-96-gb.c3974,community,high,,1
NVIDIA,NVIDIA,foreign,GH100,H800 PCIe 80 GB,GPU,both,datacenter,Hopper,GH100,Server Hopper(Hxx),5,TSMC,814,80,,80,HBM2e,5120,2040,1593,14592,456,0,114,14592,250,50,FP64/FP32/FP16/BF16/INT8,FP64:25.6TFLOPS;FP32:51.2TFLOPS;FP16/BF16:204.9TFLOPS,1095,1755,350,750,1x 16-pin,268,,Dual-slot,PCIe 5.0 x16,2023-03-21,已量产,1,AI训练/推理 / HPC,"NVIDIA H800 PCIe 80 GB — Hopper architecture, Server Hopper(Hxx) generation, 80.0GB HBM2e",https://www.techpowerup.com/gpu-specs/h800-pcie-80-gb.c4181,community,high,,1
NVIDIA,NVIDIA,foreign,GH100,H800 SXM5,GPU,both,datacenter,Hopper,GH100,Server Hopper(Hxx),5,TSMC,814,80,,80,HBM3,5120,3360,1313,16896,528,0,132,16896,250,50,FP64/FP32/FP16/BF16/INT8,FP64:29.6TFLOPS;FP32:59.3TFLOPS;FP16/BF16:237.2TFLOPS,1095,1755,700,1100,8-pin EPS,,,SXM Module,PCIe 5.0 x16,2023-03-21,已量产,1,AI训练/推理 / HPC,"NVIDIA H800 SXM5 — Hopper architecture, Server Hopper(Hxx) generation, 80.0GB HBM3",https://www.techpowerup.com/gpu-specs/h800-sxm5.c3975,community,high,,1
NVIDIA,NVIDIA,foreign,GA10B,Jetson AGX Orin 32 GB,GPU,both,datacenter,Ampere,GA10B,Tegra(Ampere),8,Samsung,200,,,32,LPDDR5,256,204.8,800,1792,56,0,14,1792,128,6,FP32/FP16/BF16/INT8,FP32:3.3TFLOPS;FP16/BF16:6.7TFLOPS,930,930,40,,,100,,IGP,PCIe 4.0 x4,2023-02-01,已量产,1,AI训练/推理 / HPC,"NVIDIA Jetson AGX Orin 32 GB — Ampere architecture, Tegra(Ampere) generation, 32.0GB LPDDR5",https://www.techpowerup.com/gpu-specs/jetson-agx-orin-32-gb.c4084,community,high,,1
NVIDIA,NVIDIA,foreign,GA10B,Jetson AGX Orin 64 GB,GPU,both,datacenter,Ampere,GA10B,Tegra(Ampere),8,Samsung,200,,,64,LPDDR5,256,204.8,800,2048,64,0,16,2048,128,6,FP32/FP16/BF16/INT8,FP32:5.3TFLOPS;FP16/BF16:10.7TFLOPS,1300,1300,60,,,100,,IGP,PCIe 4.0 x4,2023-03-01,已量产,1,AI训练/推理 / HPC,"NVIDIA Jetson AGX Orin 64 GB — Ampere architecture, Tegra(Ampere) generation, 64.0GB LPDDR5",https://www.techpowerup.com/gpu-specs/jetson-agx-orin-64-gb.c4085,community,high,,1
NVIDIA,NVIDIA,foreign,GA10B,Jetson Orin Nano 4 GB,GPU,both,workstation,Ampere,GA10B,Tegra(Ampere),8,Samsung,200,,,4,LPDDR5,64,34.11,533,512,16,0,4,512,128,2,FP32/FP16/BF16/INT8,FP32:0.6TFLOPS;FP16/BF16:1.3TFLOPS,625,625,10,,,70,,IGP,PCIe 4.0 x4,2023-03-01,已量产,1,AI训练/推理 / HPC,"NVIDIA Jetson Orin Nano 4 GB — Ampere architecture, Tegra(Ampere) generation, 4.0GB LPDDR5",https://www.techpowerup.com/gpu-specs/jetson-orin-nano-4-gb.c4083,community,high,,1
NVIDIA,NVIDIA,foreign,GA10B,Jetson Orin Nano 8 GB,GPU,both,workstation,Ampere,GA10B,Tegra(Ampere),8,Samsung,200,,,8,LPDDR5,128,68.22,533,1024,32,0,8,1024,128,2,FP32/FP16/BF16/INT8,FP32:1.3TFLOPS;FP16/BF16:2.6TFLOPS,625,625,15,,,70,,IGP,PCIe 4.0 x4,2023-03-01,已量产,1,AI训练/推理 / HPC,"NVIDIA Jetson Orin Nano 8 GB — Ampere architecture, Tegra(Ampere) generation, 8.0GB LPDDR5",https://www.techpowerup.com/gpu-specs/jetson-orin-nano-8-gb.c4082,community,high,,1
NVIDIA,NVIDIA,foreign,GA10B,Jetson Orin NX 16 GB,GPU,both,datacenter,Ampere,GA10B,Tegra(Ampere),8,Samsung,200,,,16,LPDDR5,128,102.4,800,1024,32,0,8,1024,128,4,FP32/FP16/BF16/INT8,FP32:1.9TFLOPS;FP16/BF16:3.8TFLOPS,918,918,25,,,70,,IGP,PCIe 4.0 x4,2023-02-01,已量产,1,AI训练/推理 / HPC,"NVIDIA Jetson Orin NX 16 GB — Ampere architecture, Tegra(Ampere) generation, 16.0GB LPDDR5",https://www.techpowerup.com/gpu-specs/jetson-orin-nx-16-gb.c4086,community,high,,1
NVIDIA,NVIDIA,foreign,GA10B,Jetson Orin NX 8 GB,GPU,both,workstation,Ampere,GA10B,Tegra(Ampere),8,Samsung,200,,,8,LPDDR5,128,102.4,800,1024,32,0,8,1024,128,4,FP32/FP16/BF16/INT8,FP32:1.6TFLOPS;FP16/BF16:3.1TFLOPS,765,765,20,,,70,,IGP,PCIe 4.0 x4,2023-03-01,已量产,1,AI训练/推理 / HPC,"NVIDIA Jetson Orin NX 8 GB — Ampere architecture, Tegra(Ampere) generation, 8.0GB LPDDR5",https://www.techpowerup.com/gpu-specs/jetson-orin-nx-8-gb.c4081,community,high,,1
NVIDIA,NVIDIA,foreign,AD102,L20,GPU,both,datacenter,Ada Lovelace,AD102,Server Ada(Lxx),5,TSMC,609,76.3,,48,GDDR6,384,864,2250,11776,368,92,92,11776,128,96,FP64/FP32/FP16/BF16/INT8,FP64:0.9TFLOPS;FP32:59.4TFLOPS;FP16/BF16:59.4TFLOPS,1440,2520,275,600,1x 16-pin,267,,Dual-slot,PCIe 4.0 x16,2023-11-16,已量产,1,AI训练/推理 / HPC,"NVIDIA L20 — Ada Lovelace architecture, Server Ada(Lxx) generation, 48.0GB GDDR6",https://www.techpowerup.com/gpu-specs/l20.c4206,community,high,,1
NVIDIA,NVIDIA,foreign,AD104,L4,GPU,both,datacenter,Ada Lovelace,AD104,Server Ada(Lxx),5,TSMC,294,35.8,,24,GDDR6,192,300.1,1563,7424,240,60,60,7424,128,48,FP64/FP32/FP16/BF16/INT8,FP64:0.5TFLOPS;FP32:30.3TFLOPS;FP16/BF16:30.3TFLOPS,795,2040,72,250,None,169,,Single-slot,PCIe 4.0 x16,2023-03-21,已量产,1,AI训练/推理 / HPC,"NVIDIA L4 — Ada Lovelace architecture, Server Ada(Lxx) generation, 24.0GB GDDR6",https://www.techpowerup.com/gpu-specs/l4.c4091,community,high,,1
NVIDIA,NVIDIA,foreign,AD104,RTX 3500 Embedded Ada Generation,GPU,both,workstation,Ada Lovelace,AD104,Ada-MW(x000A),5,TSMC,294,35.8,,12,GDDR6,192,432,2250,5120,160,40,40,5120,128,48,FP64/FP32/FP16/BF16/INT8,FP64:0.4TFLOPS;FP32:23.0TFLOPS;FP16/BF16:23.0TFLOPS,1725,2250,100,300,None,,,IGP,PCIe 4.0 x16,2023-03-21,已量产,1,AI训练/推理 / HPC,"NVIDIA RTX 3500 Embedded Ada Generation — Ada Lovelace architecture, Ada-MW(x000A) generation, 12.0GB GDDR6",https://www.techpowerup.com/gpu-specs/rtx-3500-embedded-ada-generation.c4201,community,high,,1
NVIDIA,NVIDIA,foreign,AD104,RTX 3500 Mobile Ada Generation,GPU,both,workstation,Ada Lovelace,AD104,Ada-MW(x000A),5,TSMC,294,35.8,,12,GDDR6,192,432,2250,5120,160,40,40,5120,128,48,FP64/FP32/FP16/BF16/INT8,FP64:0.2TFLOPS;FP32:15.8TFLOPS;FP16/BF16:15.8TFLOPS,1110,1545,100,,None,,,IGP,PCIe 4.0 x16,2023-03-21,已量产,1,AI训练/推理 / HPC,"NVIDIA RTX 3500 Mobile Ada Generation — Ada Lovelace architecture, Ada-MW(x000A) generation, 12.0GB GDDR6",https://www.techpowerup.com/gpu-specs/rtx-3500-mobile-ada-generation.c4098,community,high,,1
NVIDIA,NVIDIA,foreign,AD103,RTX 4500 Ada Generation,GPU,both,datacenter,Ada Lovelace,AD103,Workstation Ada(x000A),5,TSMC,379,45.9,,24,GDDR6,192,432,2250,7680,240,60,60,7680,128,48,FP64/FP32/FP16/BF16/INT8,FP64:0.6TFLOPS;FP32:39.6TFLOPS;FP16/BF16:39.6TFLOPS,2070,2580,210,550,None,245,,Dual-slot,PCIe 4.0 x16,2023-08-09,已量产,1,AI训练/推理 / HPC,"NVIDIA RTX 4500 Ada Generation — Ada Lovelace architecture, Workstation Ada(x000A) generation, 24.0GB GDDR6",https://www.techpowerup.com/gpu-specs/rtx-4500-ada-generation.c4172,community,high,,1
AMD,AMD,foreign,Aqua Vanjaram,Radeon Instinct MI300,GPU,both,datacenter,CDNA 3.0,Aqua Vanjaram,Radeon Instinct(MIx),5,TSMC,1017,153,MCM,128,HBM3,8192,6550,1600,14080,0,0,0,14080,16,16,FP64/FP32/FP16/BF16/INT8,FP64:47.9TFLOPS;FP32:47.9TFLOPS;FP16/BF16:383.0TFLOPS,1000,1700,600,1000,2x 8-pin,267,,,PCIe 5.0 x16,2023-01-04,已量产,1,AI训练/推理 / HPC,"AMD Radeon Instinct MI300 — CDNA 3.0 architecture, Radeon Instinct(MIx) generation, 128.0GB HBM3",https://www.techpowerup.com/gpu-specs/radeon-instinct-mi300.c4019,community,high,,1
AMD,AMD,foreign,Aqua Vanjaram,Radeon Instinct MI300A,GPU,both,datacenter,CDNA 3.0,Aqua Vanjaram,Radeon Instinct(MIx),5,TSMC,1017,153,MCM,192,HBM3,8192,10300,2525,19456,0,0,0,19456,16,16,FP64/FP32/FP16/BF16/INT8,FP64:81.7TFLOPS;FP32:81.7TFLOPS;FP16/BF16:653.7TFLOPS,1000,2100,750,1150,None,,,OAM Module,PCIe 5.0 x16,2023-12-06,已量产,1,AI训练/推理 / HPC,"AMD Radeon Instinct MI300A — CDNA 3.0 architecture, Radeon Instinct(MIx) generation, 192.0GB HBM3",https://www.techpowerup.com/gpu-specs/radeon-instinct-mi300a.c4296,community,high,,1
AMD,AMD,foreign,Aqua Vanjaram,Radeon Instinct MI300X,GPU,both,datacenter,CDNA 3.0,Aqua Vanjaram,Radeon Instinct(MIx),5,TSMC,1017,153,MCM,192,HBM3,8192,10300,2525,19456,0,0,0,19456,16,16,FP64/FP32/FP16/BF16/INT8,FP64:81.7TFLOPS;FP32:81.7TFLOPS;FP16/BF16:653.7TFLOPS,1000,2100,750,1150,None,,,OAM Module,PCIe 5.0 x16,2023-12-06,已量产,1,AI训练/推理 / HPC,"AMD Radeon Instinct MI300X — CDNA 3.0 architecture, Radeon Instinct(MIx) generation, 192.0GB HBM3",https://www.techpowerup.com/gpu-specs/radeon-instinct-mi300x.c4179,community,high,,1
AMD,AMD,foreign,Aqua Vanjaram,Radeon Instinct MI308X,GPU,both,datacenter,CDNA 3.0,Aqua Vanjaram,Radeon Instinct(MIx),5,TSMC,1017,153,MCM,192,HBM3,8192,10300,2525,19456,0,0,0,19456,16,16,FP64/FP32/FP16/BF16/INT8,FP64:81.7TFLOPS;FP32:81.7TFLOPS;FP16/BF16:653.7TFLOPS,1000,2100,750,1150,None,,,OAM Module,PCIe 5.0 x16,2023-12-06,已量产,1,AI训练/推理 / HPC,"AMD Radeon Instinct MI308X — CDNA 3.0 architecture, Radeon Instinct(MIx) generation, 192.0GB HBM3",https://www.techpowerup.com/gpu-specs/radeon-instinct-mi308x.c4295,community,high,,1
AMD,AMD,foreign,Navi 33,Radeon PRO W7500,GPU,both,workstation,RDNA 3.0,Navi 33,Radeon Pro Navi(Navi III Series),6,TSMC,204,13.3,Monolithic,8,GDDR6,128,256,2000,1792,0,28,0,1792,128,2,FP64/FP32/FP16/BF16/INT8,FP64:0.4TFLOPS;FP32:12.2TFLOPS;FP16/BF16:24.4TFLOPS,1500,1700,70,250,None,216,20,Single-slot,PCIe 4.0 x8,2023-08-03,已量产,1,AI训练/推理 / HPC,"AMD Radeon PRO W7500 — RDNA 3.0 architecture, Radeon Pro Navi(Navi III Series) generation, 8.0GB GDDR6",https://www.techpowerup.com/gpu-specs/radeon-pro-w7500.c4170,community,high,,1
AMD,AMD,foreign,Navi 33,Radeon PRO W7600,GPU,both,workstation,RDNA 3.0,Navi 33,Radeon Pro Navi(Navi III Series),6,TSMC,204,13.3,Monolithic,8,GDDR6,128,288,2250,2048,0,32,0,2048,128,2,FP64/FP32/FP16/BF16/INT8,FP64:0.6TFLOPS;FP32:20.0TFLOPS;FP16/BF16:40.0TFLOPS,1720,2440,130,300,1x 6-pin,241,,Single-slot,PCIe 4.0 x8,2023-08-03,已量产,1,AI训练/推理 / HPC,"AMD Radeon PRO W7600 — RDNA 3.0 architecture, Radeon Pro Navi(Navi III Series) generation, 8.0GB GDDR6",https://www.techpowerup.com/gpu-specs/radeon-pro-w7600.c4169,community,high,,1
AMD,AMD,foreign,Navi 32,Radeon PRO W7700,GPU,both,datacenter,RDNA 3.0,Navi 32,Radeon Pro Navi(Navi III Series),5,TSMC,346,28.1,MCM,16,GDDR6,256,576,2250,3072,0,48,0,3072,128,2,FP64/FP32/FP16/BF16/INT8,FP64:1.0TFLOPS;FP32:31.9TFLOPS;FP16/BF16:63.9TFLOPS,1900,2600,190,450,1x 8-pin,241,,Dual-slot,PCIe 4.0 x16,2023-11-13,已量产,1,AI训练/推理 / HPC,"AMD Radeon PRO W7700 — RDNA 3.0 architecture, Radeon Pro Navi(Navi III Series) generation, 16.0GB GDDR6",https://www.techpowerup.com/gpu-specs/radeon-pro-w7700.c4184,community,high,,1
AMD,AMD,foreign,Navi 31,Radeon PRO W7800,GPU,both,datacenter,RDNA 3.0,Navi 31,Radeon Pro Navi(Navi III Series),5,TSMC,529,57.7,MCM,32,GDDR6,256,576,2250,4480,0,70,0,4480,250,6,FP64/FP32/FP16/BF16/INT8,FP64:1.4TFLOPS;FP32:45.2TFLOPS;FP16/BF16:90.5TFLOPS,1895,2525,260,600,2x 8-pin,280,40,Dual-slot,PCIe 4.0 x16,2023-04-13,已量产,1,AI训练/推理 / HPC,"AMD Radeon PRO W7800 — RDNA 3.0 architecture, Radeon Pro Navi(Navi III Series) generation, 32.0GB GDDR6",https://www.techpowerup.com/gpu-specs/radeon-pro-w7800.c4148,community,high,,1
AMD,AMD,foreign,Navi 31,Radeon PRO W7800 48 GB,GPU,both,datacenter,RDNA 3.0,Navi 31,Radeon Pro Navi(Navi III Series),5,TSMC,529,57.7,MCM,48,GDDR6,384,864,2250,4480,0,70,0,4480,250,6,FP64/FP32/FP16/BF16/INT8,FP64:1.4TFLOPS;FP32:45.2TFLOPS;FP16/BF16:90.5TFLOPS,1895,2525,281,600,2x 8-pin,280,40,Dual-slot,PCIe 4.0 x16,2023-04-13,已量产,1,AI训练/推理 / HPC,"AMD Radeon PRO W7800 48 GB — RDNA 3.0 architecture, Radeon Pro Navi(Navi III Series) generation, 48.0GB GDDR6",https://www.techpowerup.com/gpu-specs/radeon-pro-w7800-48-gb.c4252,community,high,,1
AMD,AMD,foreign,Navi 31,Radeon PRO W7900,GPU,both,datacenter,RDNA 3.0,Navi 31,Radeon Pro Navi(Navi III Series),5,TSMC,529,57.7,MCM,48,GDDR6,384,864,2250,6144,0,96,0,6144,250,6,FP64/FP32/FP16/BF16/INT8,FP64:1.9TFLOPS;FP32:61.3TFLOPS;FP16/BF16:122.6TFLOPS,1855,2495,295,600,2x 8-pin,280,51,Triple-slot,PCIe 4.0 x16,2023-04-13,已量产,1,AI训练/推理 / HPC,"AMD Radeon PRO W7900 — RDNA 3.0 architecture, Radeon Pro Navi(Navi III Series) generation, 48.0GB GDDR6",https://www.techpowerup.com/gpu-specs/radeon-pro-w7900.c4147,community,high,,1
AMD,AMD,foreign,Phoenix,Ryzen Z1 Extreme GPU,GPU,both,workstation,RDNA 3.0,Phoenix,Console GPU(AMD),4,TSMC,178,25.39,FP8,16,LPDDR5,64,51.2,800,768,0,12,0,768,128,8,FP64/FP32/FP16/BF16/INT8,FP64:0.5TFLOPS;FP32:8.3TFLOPS;FP16/BF16:16.6TFLOPS,800,2700,30,,None,280,21,,,2023-06-13,已量产,1,AI训练/推理 / HPC,"AMD Ryzen Z1 Extreme GPU — RDNA 3.0 architecture, Console GPU(AMD) generation, 16.0GB LPDDR5",https://www.techpowerup.com/gpu-specs/ryzen-z1-extreme-gpu.c4157,community,high,,1
AMD,AMD,foreign,Phoenix,Ryzen Z1 GPU,GPU,both,workstation,RDNA 3.0,Phoenix,Console GPU(AMD),4,TSMC,178,25.39,FP8,16,LPDDR5,64,51.2,800,256,0,4,0,256,128,6,FP64/FP32/FP16/BF16/INT8,FP64:0.2TFLOPS;FP32:2.6TFLOPS;FP16/BF16:5.1TFLOPS,1500,2500,30,,None,280,21,,,2023-09-18,已量产,1,AI训练/推理 / HPC,"AMD Ryzen Z1 GPU — RDNA 3.0 architecture, Console GPU(AMD) generation, 16.0GB LPDDR5",https://www.techpowerup.com/gpu-specs/ryzen-z1-gpu.c4158,community,high,,1
AMD,AMD,foreign,Sephiroth,Steam Deck OLED GPU,GPU,both,workstation,RDNA 2.0,Sephiroth,Console GPU(Valve),6,TSMC,131,2.4,,16,LPDDR5,128,176,1375,512,0,8,0,512,128,1,FP64/FP32/FP16/BF16/INT8,FP64:0.1TFLOPS;FP32:1.6TFLOPS;FP16/BF16:3.3TFLOPS,1000,1600,15,,,298,49,,,2023-11-09,已量产,1,AI训练/推理 / HPC,"AMD Steam Deck OLED GPU — RDNA 2.0 architecture, Console GPU(Valve) generation, 16.0GB LPDDR5",https://www.techpowerup.com/gpu-specs/steam-deck-oled-gpu.c4185,community,high,,1
Intel,Intel,foreign,DG2-256,Arc Pro A60,GPU,both,workstation,Xe-HPG,DG2-256,Alchemist(Pro Series),6,TSMC,269,11.5,,12,GDDR6,192,384,2000,2048,0,16,0,2048,0,12,FP32/FP16/BF16/INT8,FP32:8.4TFLOPS;FP16/BF16:16.8TFLOPS,900,2050,130,300,,,,Single-slot,PCIe 4.0 x16,2023-06-06,已量产,1,AI训练/推理 / HPC,"Intel Arc Pro A60 — Xe-HPG architecture, Alchemist(Pro Series) generation, 12.0GB GDDR6",https://www.techpowerup.com/gpu-specs/arc-pro-a60.c4160,community,high,,1
Intel,Intel,foreign,DG2-256,Arc Pro A60M,GPU,both,workstation,Xe-HPG,DG2-256,Alchemist(Pro-Series Mobile),6,TSMC,269,11.5,,8,GDDR6,128,256,2000,2048,0,16,0,2048,0,8,FP32/FP16/BF16/INT8,FP32:5.3TFLOPS;FP16/BF16:10.7TFLOPS,900,1300,95,,,,,IGP,PCIe 4.0 x16,2023-06-06,已量产,1,AI训练/推理 / HPC,"Intel Arc Pro A60M — Xe-HPG architecture, Alchemist(Pro-Series Mobile) generation, 8.0GB GDDR6",https://www.techpowerup.com/gpu-specs/arc-pro-a60m.c4161,community,high,,1
Intel,Intel,foreign,Ponte Vecchio,Data Center GPU Max 1100,GPU,both,datacenter,Generation 12.5,Ponte Vecchio,Data Center GPU(Ponte Vecchio),10,Intel,1280,100,,48,HBM2e,8192,1230,600,7168,0,56,0,7168,64,204,FP64/FP32/FP16/BF16/INT8,FP64:22.2TFLOPS;FP32:22.2TFLOPS;FP16/BF16:22.2TFLOPS,1000,1550,300,700,1x 12-pin,267,,Dual-slot,PCIe 5.0 x16,2023-01-10,已量产,1,AI训练/推理 / HPC,"Intel Data Center GPU Max 1100 — Generation 12.5 architecture, Data Center GPU(Ponte Vecchio) generation, 48.0GB HBM2e",https://www.techpowerup.com/gpu-specs/data-center-gpu-max-1100.c4066,community,high,,1
Intel,Intel,foreign,Ponte Vecchio,Data Center GPU Max 1350,GPU,both,datacenter,Generation 12.5,Ponte Vecchio,Data Center GPU(Ponte Vecchio),10,Intel,1280,100,,96,HBM2e,8192,2460,1200,14336,0,112,0,14336,64,408,FP64/FP32/FP16/BF16/INT8,FP64:44.4TFLOPS;FP32:44.4TFLOPS;FP16/BF16:44.4TFLOPS,750,1550,450,850,,,,OAM Module,PCIe 5.0 x16,2023-01-10,已量产,1,AI训练/推理 / HPC,"Intel Data Center GPU Max 1350 — Generation 12.5 architecture, Data Center GPU(Ponte Vecchio) generation, 96.0GB HBM2e",https://www.techpowerup.com/gpu-specs/data-center-gpu-max-1350.c4067,community,high,,1
Intel,Intel,foreign,Ponte Vecchio,Data Center GPU Max 1550,GPU,both,datacenter,Generation 12.5,Ponte Vecchio,Data Center GPU(Ponte Vecchio),10,Intel,1280,100,,128,HBM2e,8192,3280,1600,16384,0,128,0,16384,64,408,FP64/FP32/FP16/BF16/INT8,FP64:52.4TFLOPS;FP32:52.4TFLOPS;FP16/BF16:52.4TFLOPS,900,1600,600,1000,,,,OAM Module,PCIe 5.0 x16,2023-01-10,已量产,1,AI训练/推理 / HPC,"Intel Data Center GPU Max 1550 — Generation 12.5 architecture, Data Center GPU(Ponte Vecchio) generation, 128.0GB HBM2e",https://www.techpowerup.com/gpu-specs/data-center-gpu-max-1550.c4068,community,high,,1
Intel,Intel,foreign,Ponte Vecchio,Data Center GPU Max Subsystem,GPU,both,datacenter,Generation 12.5,Ponte Vecchio,Data Center GPU(Ponte Vecchio),10,Intel,1280,100,,128,HBM2e,8192,3210,1565,16384,0,128,0,16384,64,408,FP64/FP32/FP16/BF16/INT8,FP64:52.4TFLOPS;FP32:52.4TFLOPS;FP16/BF16:52.4TFLOPS,900,1600,2400,2800,1x 16-pin,267,,Dual-slot,PCIe 5.0 x16,2023-01-10,已量产,1,AI训练/推理 / HPC,"Intel Data Center GPU Max Subsystem — Generation 12.5 architecture, Data Center GPU(Ponte Vecchio) generation, 128.0GB HBM2e",https://www.techpowerup.com/gpu-specs/data-center-gpu-max-subsystem.c4070,community,high,,1
NVIDIA,NVIDIA,foreign,GB100,B200,GPU,both,datacenter,Blackwell,GB100,Server Blackwell(Bxx),5,TSMC,,104,,90,HBM3e,4096,4100,2000,18944,592,0,148,18944,250,50,FP64/FP32/FP16/BF16/INT8,FP64:37.2TFLOPS;FP32:74.5TFLOPS;FP16/BF16:1191.2TFLOPS,700,1965,1000,1400,,,,SXM Module,PCIe 5.0 x16,2024-01-01,已量产,1,AI训练/推理 / HPC,"NVIDIA B200 — Blackwell architecture, Server Blackwell(Bxx) generation, 90.0GB HBM3e",https://www.techpowerup.com/gpu-specs/b200.c4210,community,high,66,0
NVIDIA,NVIDIA,foreign,GH100,H200 NVL,GPU,both,datacenter,Hopper,GH100,Server Hopper(Hxx),5,TSMC,814,80,,141,HBM3e,6144,4890,1593,16896,528,0,132,16896,250,50,FP64/FP32/FP16/BF16/INT8,FP64:30.2TFLOPS;FP32:60.3TFLOPS;FP16/BF16:241.3TFLOPS,1365,1785,600,1000,8-pin EPS,267,,Dual-slot,PCIe 5.0 x16,2024-11-18,已量产,1,AI训练/推理 / HPC,"NVIDIA H200 NVL — Hopper architecture, Server Hopper(Hxx) generation, 141.0GB HBM3e",https://www.techpowerup.com/gpu-specs/h200-nvl.c4254,community,high,75,0
NVIDIA,NVIDIA,foreign,GH100,H200 SXM 141 GB,GPU,both,datacenter,Hopper,GH100,Server Hopper(Hxx),5,TSMC,814,80,,141,HBM3e,6144,4890,1593,16896,528,0,132,16896,250,50,FP64/FP32/FP16/BF16/INT8,FP64:33.5TFLOPS;FP32:66.9TFLOPS;FP16/BF16:267.6TFLOPS,1500,1980,700,1100,8-pin EPS,,,SXM Module,PCIe 5.0 x16,2024-11-18,已量产,1,AI训练/推理 / HPC,"NVIDIA H200 SXM 141 GB — Hopper architecture, Server Hopper(Hxx) generation, 141.0GB HBM3e",https://www.techpowerup.com/gpu-specs/h200-sxm-141-gb.c4255,community,high,,1
NVIDIA,NVIDIA,foreign,GA10B,Jetson Orin Nano Super,GPU,both,workstation,Ampere,GA10B,Tegra(Ampere),8,Samsung,200,,,8,LPDDR5,128,102.4,800,1024,32,0,8,1024,128,2,FP32/FP16/BF16/INT8,FP32:2.1TFLOPS;FP16/BF16:4.2TFLOPS,1020,1020,25,,,70,,IGP,PCIe 4.0 x4,2024-12-17,已量产,1,AI训练/推理 / HPC,"NVIDIA Jetson Orin Nano Super — Ampere architecture, Tegra(Ampere) generation, 8.0GB LPDDR5",https://www.techpowerup.com/gpu-specs/jetson-orin-nano-super.c4377,community,high,,1
NVIDIA,NVIDIA,foreign,AD107,RTX 1000 Mobile Ada Generation,GPU,both,workstation,Ada Lovelace,AD107,Ada-MW(x000A),5,TSMC,159,18.9,,6,GDDR6,96,192,2000,2560,80,20,20,2560,128,12,FP64/FP32/FP16/BF16/INT8,FP64:0.2TFLOPS;FP32:10.4TFLOPS;FP16/BF16:10.4TFLOPS,1485,2025,35,,None,,,IGP,PCIe 4.0 x8,2024-02-26,已量产,1,AI训练/推理 / HPC,"NVIDIA RTX 1000 Mobile Ada Generation — Ada Lovelace architecture, Ada-MW(x000A) generation, 6.0GB GDDR6",https://www.techpowerup.com/gpu-specs/rtx-1000-mobile-ada-generation.c4208,community,high,,1
NVIDIA,NVIDIA,foreign,AD102,RTX 5880 Ada Generation,GPU,both,datacenter,Ada Lovelace,AD102,Workstation Ada(x000A),5,TSMC,609,76.3,,48,GDDR6,384,864,2250,14080,440,110,110,14080,128,72,FP64/FP32/FP16/BF16/INT8,FP64:1.1TFLOPS;FP32:69.3TFLOPS;FP16/BF16:69.3TFLOPS,975,2460,285,600,1x 16-pin,267,,Dual-slot,PCIe 4.0 x16,2024-01-05,已量产,1,AI训练/推理 / HPC,"NVIDIA RTX 5880 Ada Generation — Ada Lovelace architecture, Workstation Ada(x000A) generation, 48.0GB GDDR6",https://www.techpowerup.com/gpu-specs/rtx-5880-ada-generation.c4191,community,high,,1
NVIDIA,NVIDIA,foreign,GA107,RTX A1000,GPU,both,workstation,Ampere,GA107,Workstation Ampere(Ax000),8,Samsung,200,8.7,FCBGA-1358,8,GDDR6,128,192,1500,2304,72,18,18,2304,128,2,FP64/FP32/FP16/BF16/INT8,FP64:0.1TFLOPS;FP32:6.7TFLOPS;FP16/BF16:6.7TFLOPS,727,1462,50,250,None,163,,Single-slot,PCIe 4.0 x8,2024-04-16,已量产,1,AI训练/推理 / HPC,"NVIDIA RTX A1000 — Ampere architecture, Workstation Ampere(Ax000) generation, 8.0GB GDDR6",https://www.techpowerup.com/gpu-specs/rtx-a1000.c4211,community,high,,1
NVIDIA,NVIDIA,foreign,GA107,RTX A400,GPU,both,workstation,Ampere,GA107,Workstation Ampere(Ax000),8,Samsung,200,8.7,FCBGA-1358,4,GDDR6,64,96,1500,768,24,6,6,768,128,2,FP64/FP32/FP16/BF16/INT8,FP64:0.0TFLOPS;FP32:2.7TFLOPS;FP16/BF16:2.7TFLOPS,1417,1762,50,250,None,163,,Single-slot,PCIe 4.0 x8,2024-04-16,已量产,1,AI训练/推理 / HPC,"NVIDIA RTX A400 — Ampere architecture, Workstation Ampere(Ax000) generation, 4.0GB GDDR6",https://www.techpowerup.com/gpu-specs/rtx-a400.c4212,community,high,,1
AMD,AMD,foreign,Viola,Playstation 5 Pro GPU,GPU,both,workstation,RDNA 2.0,Viola,Console GPU(Sony),4,TSMC,279,21,,16,GDDR6,256,576,2250,3840,0,0,0,3840,0,4,FP64/FP32/FP16/BF16/INT8,FP64:1.1TFLOPS;FP32:18.1TFLOPS;FP16/BF16:36.1TFLOPS,2170,2350,232,,,386,89,,,2024-11-07,已量产,1,AI训练/推理 / HPC,"AMD Playstation 5 Pro GPU — RDNA 2.0 architecture, Console GPU(Sony) generation, 16.0GB GDDR6",https://www.techpowerup.com/gpu-specs/playstation-5-pro-gpu.c4232,community,high,,1
AMD,AMD,foreign,Aqua Vanjaram,Radeon Instinct MI325X,GPU,both,datacenter,CDNA 3.0,Aqua Vanjaram,Radeon Instinct(MIx),5,TSMC,1017,153,MCM,288,HBM3e,8192,10300,2525,19456,0,0,0,19456,16,16,FP64/FP32/FP16/BF16/INT8,FP64:81.7TFLOPS;FP32:81.7TFLOPS;FP16/BF16:653.7TFLOPS,1000,2100,1000,1400,None,,,OAM Module,PCIe 5.0 x16,2024-10-01,已量产,1,AI训练/推理 / HPC,"AMD Radeon Instinct MI325X — CDNA 3.0 architecture, Radeon Instinct(MIx) generation, 288.0GB HBM3e",https://www.techpowerup.com/gpu-specs/radeon-instinct-mi325x.c4231,community,high,,1
AMD,AMD,foreign,Scarlett 6nm,Xbox Series X 6nm GPU,GPU,both,workstation,RDNA 2.0,Scarlett 6nm,Console GPU(Microsoft),6,TSMC,,15.3,BGA-2693,10,GDDR6,320,560,1750,3328,0,0,0,3328,0,5,FP64/FP32/FP16/BF16/INT8,FP64:0.8TFLOPS;FP32:12.2TFLOPS;FP16/BF16:24.3TFLOPS,1825,1825,200,,,301,151,,,2024-10-15,已量产,1,AI训练/推理 / HPC,"AMD Xbox Series X 6nm GPU — RDNA 2.0 architecture, Console GPU(Microsoft) generation, 10.0GB GDDR6",https://www.techpowerup.com/gpu-specs/xbox-series-x-6nm-gpu.c4240,community,high,,1
NVIDIA,NVIDIA,foreign,GB110,B300,GPU,both,datacenter,Blackwell Ultra,GB110,Server Blackwell(Bxx),5,TSMC,,104,,144,HBM3e,4096,4100,2000,18944,592,0,148,18944,250,50,FP64/FP32/FP16/BF16/INT8,FP64:1.2TFLOPS;FP32:77.0TFLOPS;FP16/BF16:1231.8TFLOPS,1665,2032,1400,1800,,,,SXM Module,PCIe 5.0 x16,2025-09-11,已量产,1,AI训练/推理 / HPC,"NVIDIA B300 — Blackwell Ultra architecture, Server Blackwell(Bxx) generation, 144.0GB HBM3e",https://www.techpowerup.com/gpu-specs/b300.c4375,community,high,68,0
NVIDIA,NVIDIA,foreign,GB20B,GB10,GPU,both,datacenter,Blackwell 2.0,GB20B,Server Blackwell(Bxx),5,TSMC,,,,128,LPDDR5X,256,273.2,1067,6144,384,48,48,6144,250,50,FP64/FP32/FP16/BF16/INT8,FP64:0.5TFLOPS;FP32:29.7TFLOPS;FP16/BF16:29.7TFLOPS,1665,2418,140,300,None,150,150,IGP,PCIe 5.0 x16,2025-10-15,已量产,1,AI训练/推理 / HPC,"NVIDIA GB10 — Blackwell 2.0 architecture, Server Blackwell(Bxx) generation, 128.0GB LPDDR5X",https://www.techpowerup.com/gpu-specs/gb10.c4342,community,high,69,0
NVIDIA,NVIDIA,foreign,GB10B,Jetson T4000,GPU,both,datacenter,Blackwell,GB10B,Server Blackwell(Bxx),3,TSMC,,,,64,LPDDR5X,256,273.2,1067,1536,64,12,12,1536,250,50,FP64/FP32/FP16/BF16/INT8,FP64:3.9TFLOPS;FP32:7.8TFLOPS;FP16/BF16:31.0TFLOPS,1665,2525,40,200,None,243,57,IGP,PCIe 5.0 x16,2025-08-27,已量产,1,AI训练/推理 / HPC,"NVIDIA Jetson T4000 — Blackwell architecture, Server Blackwell(Bxx) generation, 64.0GB LPDDR5X",https://www.techpowerup.com/gpu-specs/jetson-t4000.c4369,community,high,,1
NVIDIA,NVIDIA,foreign,GB10B,Jetson T5000,GPU,both,datacenter,Blackwell,GB10B,Server Blackwell(Bxx),3,TSMC,,,,128,LPDDR5X,256,273.2,1067,2560,96,20,20,2560,250,50,FP64/FP32/FP16/BF16/INT8,FP64:6.5TFLOPS;FP32:12.9TFLOPS;FP16/BF16:51.7TFLOPS,1665,2525,40,200,None,243,57,IGP,PCIe 5.0 x16,2025-08-27,已量产,1,AI训练/推理 / HPC,"NVIDIA Jetson T5000 — Blackwell architecture, Server Blackwell(Bxx) generation, 128.0GB LPDDR5X",https://www.techpowerup.com/gpu-specs/jetson-t5000.c4370,community,high,,1
NVIDIA,NVIDIA,foreign,GB202,RTX 6000D,GPU,both,datacenter,Blackwell 2.0,GB202,Blackwell PRO W(x000),5,TSMC,750,92.2,,84,GDDR7,448,1570,1750,19968,624,156,156,19968,128,128,FP64/FP32/FP16/BF16/INT8,FP64:1.5TFLOPS;FP32:97.0TFLOPS;FP16/BF16:97.0TFLOPS,1590,2430,600,1000,1x 16-pin,304,40,Dual-slot,PCIe 5.0 x16,2025-03-18,已量产,1,AI训练/推理 / HPC,"NVIDIA RTX 6000D — Blackwell 2.0 architecture, Blackwell PRO W(x000) generation, 84.0GB GDDR7",https://www.techpowerup.com/gpu-specs/rtx-6000d.c4363,community,high,,1
NVIDIA,NVIDIA,foreign,GB206,RTX PRO 2000 Blackwell,GPU,both,datacenter,Blackwell 2.0,GB206,Blackwell PRO W(x000),5,TSMC,181,21.9,,16,GDDR7,128,288,1125,4352,136,34,34,4352,128,32,FP64/FP32/FP16/BF16/INT8,FP64:0.3TFLOPS;FP32:17.0TFLOPS;FP16/BF16:17.0TFLOPS,982,1957,70,250,None,167,20,Dual-slot,PCIe 5.0 x8,2025-08-11,已量产,1,AI训练/推理 / HPC,"NVIDIA RTX PRO 2000 Blackwell — Blackwell 2.0 architecture, Blackwell PRO W(x000) generation, 16.0GB GDDR7",https://www.techpowerup.com/gpu-specs/rtx-pro-2000-blackwell.c4330,community,high,,1
NVIDIA,NVIDIA,foreign,GB203,RTX PRO 4000 Blackwell,GPU,both,datacenter,Blackwell 2.0,GB203,Blackwell PRO W(x000),5,TSMC,378,45.6,,24,GDDR7,192,672,1750,8960,280,70,70,8960,128,48,FP64/FP32/FP16/BF16/INT8,FP64:0.6TFLOPS;FP32:36.8TFLOPS;FP16/BF16:36.8TFLOPS,1230,2055,140,300,1x 16-pin,241,20,Single-slot,PCIe 5.0 x16,2025-03-18,已量产,1,AI训练/推理 / HPC,"NVIDIA RTX PRO 4000 Blackwell — Blackwell 2.0 architecture, Blackwell PRO W(x000) generation, 24.0GB GDDR7",https://www.techpowerup.com/gpu-specs/rtx-pro-4000-blackwell.c4279,community,high,,1
NVIDIA,NVIDIA,foreign,GB203,RTX PRO 4000 Blackwell SFF,GPU,both,datacenter,Blackwell 2.0,GB203,Blackwell PRO W(x000),5,TSMC,378,45.6,,24,GDDR7,192,432,1125,8960,280,70,70,8960,128,48,FP64/FP32/FP16/BF16/INT8,FP64:0.4TFLOPS;FP32:25.7TFLOPS;FP16/BF16:25.7TFLOPS,577,1432,70,250,None,167,40,Dual-slot,PCIe 5.0 x8,2025-08-11,已量产,1,AI训练/推理 / HPC,"NVIDIA RTX PRO 4000 Blackwell SFF — Blackwell 2.0 architecture, Blackwell PRO W(x000) generation, 24.0GB GDDR7",https://www.techpowerup.com/gpu-specs/rtx-pro-4000-blackwell-sff.c4329,community,high,,1
NVIDIA,NVIDIA,foreign,GB203,RTX PRO 4500 Blackwell,GPU,both,datacenter,Blackwell 2.0,GB203,Blackwell PRO W(x000),5,TSMC,378,45.6,,32,GDDR7,256,896,1750,10496,328,82,82,10496,128,64,FP64/FP32/FP16/BF16/INT8,FP64:0.8TFLOPS;FP32:50.5TFLOPS;FP16/BF16:50.5TFLOPS,1635,2407,200,550,1x 16-pin,267,40,Dual-slot,PCIe 5.0 x16,2025-03-18,已量产,1,AI训练/推理 / HPC,"NVIDIA RTX PRO 4500 Blackwell — Blackwell 2.0 architecture, Blackwell PRO W(x000) generation, 32.0GB GDDR7",https://www.techpowerup.com/gpu-specs/rtx-pro-4500-blackwell.c4278,community,high,,1
NVIDIA,NVIDIA,foreign,GB202,RTX PRO 5000 72 GB Blackwell,GPU,both,datacenter,Blackwell 2.0,GB202,Blackwell PRO W(x000),5,TSMC,750,92.2,,72,GDDR7,384,1340,1750,14080,440,110,110,14080,128,96,FP64/FP32/FP16/BF16/INT8,FP64:1.0TFLOPS;FP32:66.9TFLOPS;FP16/BF16:66.9TFLOPS,1740,2377,300,700,1x 16-pin,267,40,Dual-slot,PCIe 5.0 x16,2025-10-21,已量产,1,AI训练/推理 / HPC,"NVIDIA RTX PRO 5000 72 GB Blackwell — Blackwell 2.0 architecture, Blackwell PRO W(x000) generation, 72.0GB GDDR7",https://www.techpowerup.com/gpu-specs/rtx-pro-5000-72-gb-blackwell.c4357,community,high,,1
NVIDIA,NVIDIA,foreign,GB202,RTX PRO 5000 Blackwell,GPU,both,datacenter,Blackwell 2.0,GB202,Blackwell PRO W(x000),5,TSMC,750,92.2,,48,GDDR7,384,1340,1750,14080,440,110,110,14080,128,96,FP64/FP32/FP16/BF16/INT8,FP64:1.0TFLOPS;FP32:66.9TFLOPS;FP16/BF16:66.9TFLOPS,1740,2377,300,700,1x 16-pin,267,40,Dual-slot,PCIe 5.0 x16,2025-03-18,已量产,1,AI训练/推理 / HPC,"NVIDIA RTX PRO 5000 Blackwell — Blackwell 2.0 architecture, Blackwell PRO W(x000) generation, 48.0GB GDDR7",https://www.techpowerup.com/gpu-specs/rtx-pro-5000-blackwell.c4276,community,high,,1
NVIDIA,NVIDIA,foreign,GB202,RTX PRO 6000 Blackwell,GPU,both,datacenter,Blackwell 2.0,GB202,Blackwell PRO W(x000),5,TSMC,750,92.2,,96,GDDR7,512,1790,1750,24064,752,188,188,24064,128,128,FP64/FP32/FP16/BF16/INT8,FP64:2.0TFLOPS;FP32:126.0TFLOPS;FP16/BF16:126.0TFLOPS,1590,2617,600,1000,1x 16-pin,304,40,Dual-slot,PCIe 5.0 x16,2025-03-18,已量产,1,AI训练/推理 / HPC,"NVIDIA RTX PRO 6000 Blackwell — Blackwell 2.0 architecture, Blackwell PRO W(x000) generation, 96.0GB GDDR7",https://www.techpowerup.com/gpu-specs/rtx-pro-6000-blackwell.c4272,community,high,,1
NVIDIA,NVIDIA,foreign,GB202,RTX PRO 6000 Blackwell Max-Q,GPU,both,datacenter,Blackwell 2.0,GB202,Blackwell PRO W(x000),5,TSMC,750,92.2,,96,GDDR7,512,1790,1750,24064,752,188,188,24064,128,128,FP64/FP32/FP16/BF16/INT8,FP64:1.7TFLOPS;FP32:109.7TFLOPS;FP16/BF16:109.7TFLOPS,1035,2280,300,700,1x 16-pin,267,40,Dual-slot,PCIe 5.0 x16,2025-03-18,已量产,1,AI训练/推理 / HPC,"NVIDIA RTX PRO 6000 Blackwell Max-Q — Blackwell 2.0 architecture, Blackwell PRO W(x000) generation, 96.0GB GDDR7",https://www.techpowerup.com/gpu-specs/rtx-pro-6000-blackwell-max-q.c4273,community,high,,1
NVIDIA,NVIDIA,foreign,GB202,RTX PRO 6000 Blackwell Server,GPU,both,datacenter,Blackwell 2.0,GB202,Server Blackwell(Bxx),5,TSMC,750,92.2,,96,GDDR7,512,1790,1750,24064,752,188,188,24064,128,128,FP64/FP32/FP16/BF16/INT8,FP64:2.0TFLOPS;FP32:126.0TFLOPS;FP16/BF16:126.0TFLOPS,1590,2617,600,1000,1x 16-pin,267,40,Dual-slot,PCIe 5.0 x16,2025-03-18,已量产,1,AI训练/推理 / HPC,"NVIDIA RTX PRO 6000 Blackwell Server — Blackwell 2.0 architecture, Server Blackwell(Bxx) generation, 96.0GB GDDR7",https://www.techpowerup.com/gpu-specs/rtx-pro-6000-blackwell-server.c4274,community,high,,1
NVIDIA,NVIDIA,foreign,GB202,RTX PRO 6000D Blackwell Max-Q,GPU,both,datacenter,Blackwell 2.0,GB202,Blackwell PRO W(x000),5,TSMC,750,92.2,,96,GDDR7,512,1790,1750,24064,752,188,188,24064,128,128,FP64/FP32/FP16/BF16/INT8,FP64:1.7TFLOPS;FP32:110.1TFLOPS;FP16/BF16:110.1TFLOPS,1590,2288,300,700,1x 16-pin,267,40,Dual-slot,PCIe 5.0 x16,2025-03-18,已量产,1,AI训练/推理 / HPC,"NVIDIA RTX PRO 6000D Blackwell Max-Q — Blackwell 2.0 architecture, Blackwell PRO W(x000) generation, 96.0GB GDDR7",https://www.techpowerup.com/gpu-specs/rtx-pro-6000d-blackwell-max-q.c4364,community,high,,1
NVIDIA,NVIDIA,foreign,GA10B,Switch 2 GPU,GPU,both,workstation,Ampere,GA10B,Console GPU(Nintendo),8,Samsung,200,,,12,LPDDR5X,128,102.4,800,1536,48,12,12,1536,128,4,FP64/FP32/FP16/BF16/INT8,FP64:2.1TFLOPS;FP32:4.3TFLOPS;FP16/BF16:8.6TFLOPS,561,1400,40,,,272,14,,,2025-06-05,已量产,1,AI训练/推理 / HPC,"NVIDIA Switch 2 GPU — Ampere architecture, Console GPU(Nintendo) generation, 12.0GB LPDDR5X",https://www.techpowerup.com/gpu-specs/switch-2-gpu.c4313,community,high,,1
AMD,AMD,foreign,Navi 48,Radeon AI PRO 9600D,GPU,both,datacenter,RDNA 4.0,Navi 48,Radeon Pro Navi(Navi IV Series),4,TSMC,357,53.9,Monolithic,32,GDDR6,256,576,2250,3072,0,48,0,3072,0,8,FP64/FP32/FP16/BF16/INT8,FP64:0.8TFLOPS;FP32:24.8TFLOPS;FP16/BF16:49.6TFLOPS,1080,2020,150,450,1x 16-pin,241,19,Single-slot,PCIe 5.0 x16,2025-12-11,已量产,1,AI训练/推理 / HPC,"AMD Radeon AI PRO 9600D — RDNA 4.0 architecture, Radeon Pro Navi(Navi IV Series) generation, 32.0GB GDDR6",https://www.techpowerup.com/gpu-specs/radeon-ai-pro-9600d.c4379,community,high,,1
AMD,AMD,foreign,Navi 48,Radeon AI PRO R9700,GPU,both,datacenter,RDNA 4.0,Navi 48,Radeon Pro Navi(Navi IV Series),4,TSMC,357,53.9,Monolithic,32,GDDR6,256,644.6,2518,4096,0,64,0,4096,0,8,FP64/FP32/FP16/BF16/INT8,FP64:1.5TFLOPS;FP32:47.8TFLOPS;FP16/BF16:95.7TFLOPS,1660,2920,300,700,1x 16-pin,267,40,Dual-slot,PCIe 5.0 x16,2025-07-23,已量产,1,AI训练/推理 / HPC,"AMD Radeon AI PRO R9700 — RDNA 4.0 architecture, Radeon Pro Navi(Navi IV Series) generation, 32.0GB GDDR6",https://www.techpowerup.com/gpu-specs/radeon-ai-pro-r9700.c4290,community,high,,1
AMD,AMD,foreign,Navi 48,Radeon AI PRO R9700S,GPU,both,datacenter,RDNA 4.0,Navi 48,Radeon Pro Navi(Navi IV Series),4,TSMC,357,53.9,Monolithic,32,GDDR6,256,644.6,2518,4096,0,64,0,4096,0,8,FP64/FP32/FP16/BF16/INT8,FP64:1.5TFLOPS;FP32:47.8TFLOPS;FP16/BF16:95.7TFLOPS,1660,2920,300,700,1x 16-pin,267,39,Dual-slot,PCIe 5.0 x16,2025-12-11,已量产,1,AI训练/推理 / HPC,"AMD Radeon AI PRO R9700S — RDNA 4.0 architecture, Radeon Pro Navi(Navi IV Series) generation, 32.0GB GDDR6",https://www.techpowerup.com/gpu-specs/radeon-ai-pro-r9700s.c4378,community,high,,1
AMD,AMD,foreign,Galaxy,Radeon Instinct MI350X,GPU,both,datacenter,CDNA 4.0,Galaxy,Radeon Instinct(MIx),3,TSMC,,,,288,HBM3e,8192,8190,2000,16384,0,0,0,16384,16,16,FP64/FP32/FP16/BF16/INT8,FP64:72.1TFLOPS;FP32:72.1TFLOPS;FP16/BF16:576.7TFLOPS,1000,2200,1000,1400,None,102,165,OAM Module,PCIe 5.0 x16,2025-01-01,已量产,1,AI训练/推理 / HPC,"AMD Radeon Instinct MI350X — CDNA 4.0 architecture, Radeon Instinct(MIx) generation, 288.0GB HBM3e",https://www.techpowerup.com/gpu-specs/radeon-instinct-mi350x.c4308,community,high,,1
AMD,AMD,foreign,Galaxy,Radeon Instinct MI355X,GPU,both,datacenter,CDNA 4.0,Galaxy,Radeon Instinct(MIx),3,TSMC,,,,288,HBM3e,8192,8190,2000,16384,0,0,0,16384,32,32,FP64/FP32/FP16/BF16/INT8,FP64:78.6TFLOPS;FP32:78.6TFLOPS;FP16/BF16:629.1TFLOPS,1000,2400,1400,1800,None,102,165,OAM Module,PCIe 5.0 x16,2025-01-01,已量产,1,AI训练/推理 / HPC,"AMD Radeon Instinct MI355X — CDNA 4.0 architecture, Radeon Instinct(MIx) generation, 288.0GB HBM3e",https://www.techpowerup.com/gpu-specs/radeon-instinct-mi355x.c4309,community,high,,1
AMD,AMD,foreign,Navi 31,Radeon PRO W7900D,GPU,both,datacenter,RDNA 3.0,Navi 31,Radeon Pro Navi(Navi III Series),5,TSMC,529,57.7,MCM,48,GDDR6,384,864,2250,6144,0,96,0,6144,250,6,FP64/FP32/FP16/BF16/INT8,FP64:1.7TFLOPS;FP32:53.0TFLOPS;FP16/BF16:106.0TFLOPS,1327,2156,295,600,2x 8-pin,280,51,Triple-slot,PCIe 4.0 x16,2025-09-25,已量产,1,AI训练/推理 / HPC,"AMD Radeon PRO W7900D — RDNA 3.0 architecture, Radeon Pro Navi(Navi III Series) generation, 48.0GB GDDR6",https://www.techpowerup.com/gpu-specs/radeon-pro-w7900d.c4361,community,high,,1
AMD,AMD,foreign,Strix Point,Ryzen AI Z2 Extreme GPU,GPU,both,workstation,RDNA 3.5,Strix Point,Console GPU(AMD),4,TSMC,233,34,FP8,16,LPDDR5X,256,256,1000,1024,0,16,0,1024,128,8,FP64/FP32/FP16/BF16/INT8,FP64:0.3TFLOPS;FP32:5.5TFLOPS;FP16/BF16:11.1TFLOPS,800,2700,28,,None,,,,,2025-10-16,已量产,1,AI训练/推理 / HPC,"AMD Ryzen AI Z2 Extreme GPU — RDNA 3.5 architecture, Console GPU(AMD) generation, 16.0GB LPDDR5X",https://www.techpowerup.com/gpu-specs/ryzen-ai-z2-extreme-gpu.c4305,community,high,,1
AMD,AMD,foreign,Van Gogh,Ryzen Z2 A GPU,GPU,both,workstation,RDNA 2.0,Van Gogh,Console GPU(AMD),7,TSMC,163,2.4,,16,LPDDR5,128,102.4,800,512,0,8,0,512,128,1,FP64/FP32/FP16/BF16/INT8,FP64:0.1TFLOPS;FP32:1.6TFLOPS;FP16/BF16:3.3TFLOPS,1000,1600,15,,,,,,,2025-01-01,已量产,1,AI训练/推理 / HPC,"AMD Ryzen Z2 A GPU — RDNA 2.0 architecture, Console GPU(AMD) generation, 16.0GB LPDDR5",https://www.techpowerup.com/gpu-specs/ryzen-z2-a-gpu.c4306,community,high,,1
AMD,AMD,foreign,Strix Point,Ryzen Z2 Extreme GPU,GPU,both,workstation,RDNA 3.5,Strix Point,Console GPU(AMD),4,TSMC,233,34,FP8,16,LPDDR5X,128,128,1000,1024,0,16,0,1024,128,8,FP64/FP32/FP16/BF16/INT8,FP64:0.3TFLOPS;FP32:5.5TFLOPS;FP16/BF16:11.1TFLOPS,800,2700,28,,None,,,,,2025-07-09,已量产,1,AI训练/推理 / HPC,"AMD Ryzen Z2 Extreme GPU — RDNA 3.5 architecture, Console GPU(AMD) generation, 16.0GB LPDDR5X",https://www.techpowerup.com/gpu-specs/ryzen-z2-extreme-gpu.c4304,community,high,,1
AMD,AMD,foreign,Rembrandt+,Ryzen Z2 Go GPU,GPU,both,workstation,RDNA 2.0,Rembrandt+,Console GPU(AMD),6,TSMC,208,13.1,FP7,16,LPDDR5,128,102.4,800,768,0,12,0,768,128,8,FP64/FP32/FP16/BF16/INT8,FP64:0.3TFLOPS;FP32:4.1TFLOPS;FP16/BF16:8.3TFLOPS,800,2700,28,,None,,,,,2025-01-01,已量产,1,AI训练/推理 / HPC,"AMD Ryzen Z2 Go GPU — RDNA 2.0 architecture, Console GPU(AMD) generation, 16.0GB LPDDR5",https://www.techpowerup.com/gpu-specs/ryzen-z2-go-gpu.c4307,community,high,,1
AMD,AMD,foreign,Hawk Point,Ryzen Z2 GPU,GPU,both,workstation,RDNA 3.0,Hawk Point,Console GPU(AMD),4,TSMC,178,25.39,FP8,16,LPDDR5X,128,119.9,937,768,0,12,0,768,128,8,FP64/FP32/FP16/BF16/INT8,FP64:0.5TFLOPS;FP32:8.3TFLOPS;FP16/BF16:16.6TFLOPS,800,2700,28,,None,,,,,2025-01-01,已量产,1,AI训练/推理 / HPC,"AMD Ryzen Z2 GPU — RDNA 3.0 architecture, Console GPU(AMD) generation, 16.0GB LPDDR5X",https://www.techpowerup.com/gpu-specs/ryzen-z2-gpu.c4303,community,high,,1
Intel,Intel,foreign,BMG-G21,Arc Pro B50,GPU,both,workstation,Xe2-HPG,BMG-G21,Battlemage(Pro Series),5,TSMC,272,19.6,,16,GDDR6,128,224,1750,2048,0,16,0,2048,0,4,FP64/FP32/FP16/BF16/INT8,FP64:2.7TFLOPS;FP32:10.7TFLOPS;FP16/BF16:21.3TFLOPS,1700,2600,70,250,None,167,40,Dual-slot,PCIe 5.0 x8,2025-09-05,已量产,1,AI训练/推理 / HPC,"Intel Arc Pro B50 — Xe2-HPG architecture, Battlemage(Pro Series) generation, 16.0GB GDDR6",https://www.techpowerup.com/gpu-specs/arc-pro-b50.c4345,community,high,,1
Intel,Intel,foreign,BMG-G21,Arc Pro B60,GPU,both,datacenter,Xe2-HPG,BMG-G21,Battlemage(Pro Series),5,TSMC,272,19.6,,24,GDDR6,192,456,2375,2560,0,20,0,2560,0,4,FP64/FP32/FP16/BF16/INT8,FP64:3.1TFLOPS;FP32:12.3TFLOPS;FP16/BF16:24.6TFLOPS,2000,2400,200,550,None,167,40,Dual-slot,PCIe 5.0 x8,2025-09-05,已量产,1,AI训练/推理 / HPC,"Intel Arc Pro B60 — Xe2-HPG architecture, Battlemage(Pro Series) generation, 24.0GB GDDR6",https://www.techpowerup.com/gpu-specs/arc-pro-b60.c4350,community,high,,1
